Machine;Timestamp; Health_score 
Machine_02;10/01/2016 05:32:16; 57 
Machine_01;10/01/2016 05:32:16; 48 
Machine_02;10/01/2016 05:32:32; 50 
Machine_01;10/01/2016 05:32:32; 70 
Machine_02;10/01/2016 05:32:48; 31 
Machine_01;10/01/2016 05:32:48; 47 
Machine_02;10/01/2016 05:33:04; 53 
Machine_01;10/01/2016 05:33:04; 32 
Machine_02;10/01/2016 05:33:20; 50 
Machine_01;10/01/2016 05:33:20; 36 
Machine_02;10/01/2016 05:33:36; 74 
Machine_01;10/01/2016 05:33:36; 54 
Machine_02;10/01/2016 05:33:53; 77 
Machine_01;10/01/2016 05:33:53; 63 
Machine_02;10/01/2016 05:34:09; 30 
Machine_01;10/01/2016 05:34:09; 52 
Machine_02;10/01/2016 05:34:25; 42 
Machine_01;10/01/2016 05:34:25; 68 
Machine_02;10/01/2016 05:34:42; 57 
Machine_01;10/01/2016 05:34:42; 40 
Machine_02;10/01/2016 05:34:58; 43 
Machine_01;10/01/2016 05:34:58; 38 
Machine_02;10/01/2016 05:35:14; 28 
Machine_01;10/01/2016 05:35:14; 69 
Machine_02;10/01/2016 05:35:31; 36 
Machine_01;10/01/2016 05:35:31; 41 
Machine_02;10/01/2016 05:35:47; 73 
Machine_01;10/01/2016 05:35:47; 52 
Machine_02;10/01/2016 05:36:03; 58 
Machine_01;10/01/2016 05:36:03; 57 
Machine_02;10/01/2016 05:36:20; 73 
Machine_01;10/01/2016 05:36:20; 62 
Machine_02;10/01/2016 05:36:36; 34 
Machine_01;10/01/2016 05:36:36; 49 
Machine_02;10/01/2016 05:36:52; 56 
Machine_01;10/01/2016 05:36:52; 74 
Machine_02;10/01/2016 05:37:09; 68 
Machine_01;10/01/2016 05:37:09; 45 
Machine_02;10/01/2016 05:37:25; 46 
Machine_01;10/01/2016 05:37:25; 25 
Machine_02;10/01/2016 05:37:41; 80 
Machine_01;10/01/2016 05:37:41; 79 
Machine_02;10/01/2016 05:37:57; 76 
Machine_01;10/01/2016 05:37:57; 77 
Machine_02;10/01/2016 05:38:14; 53 
Machine_01;10/01/2016 05:38:14; 67 
Machine_02;10/01/2016 05:38:30; 41 
Machine_01;10/01/2016 05:38:30; 32 
Machine_02;10/01/2016 05:38:46; 34 
Machine_01;10/01/2016 05:38:46; 32 
Machine_02;10/01/2016 05:39:03; 78 
Machine_01;10/01/2016 05:39:03; 46 
Machine_02;10/01/2016 05:39:19; 42 
Machine_01;10/01/2016 05:39:19; 28 
Machine_02;10/01/2016 05:39:35; 51 
Machine_01;10/01/2016 05:39:35; 40 
Machine_02;10/01/2016 05:39:51; 37 
Machine_01;10/01/2016 05:39:51; 52 
Machine_02;10/01/2016 05:40:07; 44 
Machine_01;10/01/2016 05:40:07; 50 
Machine_02;10/01/2016 05:40:23; 42 
Machine_01;10/01/2016 05:40:23; 80 
Machine_02;10/01/2016 05:40:40; 78 
Machine_01;10/01/2016 05:40:40; 38 
Machine_02;10/01/2016 05:40:56; 40 
Machine_01;10/01/2016 05:40:56; 77 
Machine_02;10/01/2016 05:41:12; 47 
Machine_01;10/01/2016 05:41:12; 68 
Machine_02;10/01/2016 05:41:28; 56 
Machine_01;10/01/2016 05:41:28; 75 
Machine_02;10/01/2016 05:41:45; 50 
Machine_01;10/01/2016 05:41:45; 50 
Machine_02;10/01/2016 05:42:01; 39 
Machine_01;10/01/2016 05:42:01; 53 
Machine_02;10/01/2016 05:42:17; 70 
Machine_01;10/01/2016 05:42:17; 73 
Machine_02;10/01/2016 05:42:33; 56 
Machine_01;10/01/2016 05:42:33; 30 
Machine_02;10/01/2016 05:42:50; 26 
Machine_01;10/01/2016 05:42:50; 80 
Machine_02;10/01/2016 05:43:06; 27 
Machine_01;10/01/2016 05:43:06; 71 
Machine_02;10/01/2016 05:43:22; 73 
Machine_01;10/01/2016 05:43:22; 42 
Machine_02;10/01/2016 05:43:38; 45 
Machine_01;10/01/2016 05:43:38; 49 
Machine_02;10/01/2016 05:43:54; 58 
Machine_01;10/01/2016 05:43:54; 56 
Machine_02;10/01/2016 05:44:10; 26 
Machine_01;10/01/2016 05:44:10; 29 
Machine_02;10/01/2016 05:44:26; 27 
Machine_01;10/01/2016 05:44:26; 51 
Machine_02;10/01/2016 05:44:42; 70 
Machine_01;10/01/2016 05:44:42; 80 
Machine_02;10/01/2016 05:44:58; 44 
Machine_01;10/01/2016 05:44:58; 73 
Machine_02;10/01/2016 05:45:14; 26 
Machine_01;10/01/2016 05:45:14; 58 
Machine_02;10/01/2016 05:45:31; 76 
Machine_01;10/01/2016 05:45:31; 41 
Machine_02;10/01/2016 05:45:47; 26 
Machine_01;10/01/2016 05:45:47; 36 
Machine_02;10/01/2016 05:46:03; 77 
Machine_01;10/01/2016 05:46:03; 59 
Machine_02;10/01/2016 05:46:19; 60 
Machine_01;10/01/2016 05:46:19; 63 
Machine_02;10/01/2016 05:46:35; 77 
Machine_01;10/01/2016 05:46:35; 27 
Machine_02;10/01/2016 05:46:52; 55 
Machine_01;10/01/2016 05:46:52; 31 
Machine_02;10/01/2016 05:47:08; 67 
Machine_01;10/01/2016 05:47:08; 34 
Machine_02;10/01/2016 05:47:24; 61 
Machine_01;10/01/2016 05:47:24; 56 
Machine_02;10/01/2016 05:47:40; 77 
Machine_01;10/01/2016 05:47:40; 45 
Machine_02;10/01/2016 05:47:57; 53 
Machine_01;10/01/2016 05:47:57; 30 
Machine_02;10/01/2016 05:48:13; 48 
Machine_01;10/01/2016 05:48:13; 26 
Machine_02;10/01/2016 05:48:29; 44 
Machine_01;10/01/2016 05:48:29; 66 
Machine_02;10/01/2016 05:48:45; 34 
Machine_01;10/01/2016 05:48:45; 55 
Machine_02;10/01/2016 05:49:01; 25 
Machine_01;10/01/2016 05:49:01; 26 
Machine_02;10/01/2016 05:49:17; 42 
Machine_01;10/01/2016 05:49:17; 40 
Machine_02;10/01/2016 05:49:34; 73 
Machine_01;10/01/2016 05:49:34; 27 
Machine_02;10/01/2016 05:49:50; 46 
Machine_01;10/01/2016 05:49:50; 42 
Machine_02;10/01/2016 05:50:06; 50 
Machine_01;10/01/2016 05:50:06; 67 
Machine_02;10/01/2016 05:50:22; 69 
Machine_01;10/01/2016 05:50:22; 54 
Machine_02;10/01/2016 05:50:38; 32 
Machine_01;10/01/2016 05:50:38; 79 
Machine_02;10/01/2016 05:50:54; 43 
Machine_01;10/01/2016 05:50:54; 80 
Machine_02;10/01/2016 05:51:10; 44 
Machine_01;10/01/2016 05:51:10; 53 
Machine_02;10/01/2016 05:51:27; 70 
Machine_01;10/01/2016 05:51:27; 72 
Machine_02;10/01/2016 05:51:43; 31 
Machine_01;10/01/2016 05:51:43; 49 
Machine_02;10/01/2016 05:51:59; 55 
Machine_01;10/01/2016 05:51:59; 55 
Machine_02;10/01/2016 05:52:15; 39 
Machine_01;10/01/2016 05:52:15; 80 
Machine_02;10/01/2016 05:52:32; 25 
Machine_01;10/01/2016 05:52:32; 71 
Machine_02;10/01/2016 05:52:48; 25 
Machine_01;10/01/2016 05:52:48; 46 
Machine_02;10/01/2016 05:53:04; 44 
Machine_01;10/01/2016 05:53:04; 78 
Machine_02;10/01/2016 05:53:20; 37 
Machine_01;10/01/2016 05:53:20; 60 
Machine_02;10/01/2016 05:53:36; 73 
Machine_01;10/01/2016 05:53:36; 36 
Machine_02;10/01/2016 05:53:52; 67 
Machine_01;10/01/2016 05:53:52; 48 
Machine_02;10/01/2016 05:54:08; 46 
Machine_01;10/01/2016 05:54:08; 26 
Machine_02;10/01/2016 05:54:24; 61 
Machine_01;10/01/2016 05:54:24; 56 
Machine_02;10/01/2016 05:54:40; 69 
Machine_01;10/01/2016 05:54:40; 46 
Machine_02;10/01/2016 05:54:56; 46 
Machine_01;10/01/2016 05:54:56; 35 
Machine_02;10/01/2016 05:55:12; 75 
Machine_01;10/01/2016 05:55:12; 72 
Machine_02;10/01/2016 05:55:29; 56 
Machine_01;10/01/2016 05:55:29; 62 
Machine_02;10/01/2016 05:55:45; 68 
Machine_01;10/01/2016 05:55:45; 25 
Machine_02;10/01/2016 05:56:01; 69 
Machine_01;10/01/2016 05:56:01; 76 
Machine_02;10/01/2016 05:56:17; 73 
Machine_01;10/01/2016 05:56:17; 73 
Machine_02;10/01/2016 05:56:34; 45 
Machine_01;10/01/2016 05:56:34; 60 
Machine_02;10/01/2016 05:56:50; 43 
Machine_01;10/01/2016 05:56:50; 78 
Machine_02;10/01/2016 05:57:06; 63 
Machine_01;10/01/2016 05:57:06; 26 
Machine_02;10/01/2016 05:57:23; 74 
Machine_01;10/01/2016 05:57:23; 41 
Machine_02;10/01/2016 05:57:39; 26 
Machine_01;10/01/2016 05:57:39; 78 
Machine_02;10/01/2016 05:57:55; 78 
Machine_01;10/01/2016 05:57:55; 26 
Machine_02;10/01/2016 05:58:11; 43 
Machine_01;10/01/2016 05:58:11; 26 
Machine_02;10/01/2016 05:58:27; 67 
Machine_01;10/01/2016 05:58:27; 62 
Machine_02;10/01/2016 05:58:43; 80 
Machine_01;10/01/2016 05:58:43; 25 
Machine_02;10/01/2016 05:58:59; 47 
Machine_01;10/01/2016 05:58:59; 43 
Machine_02;10/01/2016 05:59:15; 71 
Machine_01;10/01/2016 05:59:15; 31 
Machine_02;10/01/2016 05:59:32; 71 
Machine_01;10/01/2016 05:59:32; 26 
Machine_02;10/01/2016 05:59:48; 38 
Machine_01;10/01/2016 05:59:48; 77 
Machine_02;10/01/2016 06:00:04; 68 
Machine_01;10/01/2016 06:00:04; 44 
Machine_02;10/01/2016 06:00:20; 40 
Machine_01;10/01/2016 06:00:20; 62 
Machine_02;10/01/2016 06:00:36; 30 
Machine_01;10/01/2016 06:00:36; 76 
Machine_02;10/01/2016 06:00:52; 66 
Machine_01;10/01/2016 06:00:52; 32 
Machine_02;10/01/2016 06:01:09; 47 
Machine_01;10/01/2016 06:01:09; 32 
Machine_02;10/01/2016 06:01:25; 50 
Machine_01;10/01/2016 06:01:25; 55 
Machine_02;10/01/2016 06:01:41; 53 
Machine_01;10/01/2016 06:01:41; 77 
Machine_02;10/01/2016 06:01:58; 78 
Machine_01;10/01/2016 06:01:58; 28 
Machine_02;10/01/2016 06:02:14; 25 
Machine_01;10/01/2016 06:02:14; 44 
Machine_02;10/01/2016 06:02:30; 79 
Machine_01;10/01/2016 06:02:30; 59 
Machine_02;10/01/2016 06:02:46; 76 
Machine_01;10/01/2016 06:02:46; 59 
Machine_02;10/01/2016 06:03:03; 68 
Machine_01;10/01/2016 06:03:03; 38 
Machine_02;10/01/2016 06:03:19; 49 
Machine_01;10/01/2016 06:03:19; 27 
Machine_02;10/01/2016 06:03:35; 57 
Machine_01;10/01/2016 06:03:35; 78 
Machine_02;10/01/2016 06:03:51; 44 
Machine_01;10/01/2016 06:03:51; 51 
Machine_02;10/01/2016 06:04:08; 44 
Machine_01;10/01/2016 06:04:08; 26 
Machine_02;10/01/2016 06:04:24; 75 
Machine_01;10/01/2016 06:04:24; 51 
Machine_02;10/01/2016 06:04:41; 49 
Machine_01;10/01/2016 06:04:41; 69 
Machine_02;10/01/2016 06:04:57; 40 
Machine_01;10/01/2016 06:04:57; 54 
Machine_02;10/01/2016 06:05:13; 74 
Machine_01;10/01/2016 06:05:13; 44 
Machine_02;10/01/2016 06:05:30; 54 
Machine_01;10/01/2016 06:05:30; 65 
Machine_02;10/01/2016 06:05:46; 37 
Machine_01;10/01/2016 06:05:46; 52 
Machine_02;10/01/2016 06:06:02; 51 
Machine_01;10/01/2016 06:06:02; 36 
Machine_02;10/01/2016 06:06:18; 66 
Machine_01;10/01/2016 06:06:18; 29 
Machine_02;10/01/2016 06:06:35; 25 
Machine_01;10/01/2016 06:06:35; 40 
Machine_02;10/01/2016 06:06:51; 35 
Machine_01;10/01/2016 06:06:51; 55 
Machine_02;10/01/2016 06:07:07; 37 
Machine_01;10/01/2016 06:07:07; 36 
Machine_02;10/01/2016 06:07:24; 59 
Machine_01;10/01/2016 06:07:24; 37 
Machine_02;10/01/2016 06:07:40; 55 
Machine_01;10/01/2016 06:07:40; 77 
Machine_02;10/01/2016 06:07:56; 37 
Machine_01;10/01/2016 06:07:56; 52 
Machine_02;10/01/2016 06:08:13; 38 
Machine_01;10/01/2016 06:08:13; 67 
Machine_02;10/01/2016 06:08:29; 71 
Machine_01;10/01/2016 06:08:29; 43 
Machine_02;10/01/2016 06:08:46; 62 
Machine_01;10/01/2016 06:08:46; 39 
Machine_02;10/01/2016 06:09:02; 64 
Machine_01;10/01/2016 06:09:02; 50 
Machine_02;10/01/2016 06:09:19; 64 
Machine_01;10/01/2016 06:09:19; 74 
Machine_02;10/01/2016 06:09:35; 42 
Machine_01;10/01/2016 06:09:35; 68 
Machine_02;10/01/2016 06:09:52; 65 
Machine_01;10/01/2016 06:09:52; 34 
Machine_02;10/01/2016 06:10:08; 79 
Machine_01;10/01/2016 06:10:08; 39 
Machine_02;10/01/2016 06:10:24; 38 
Machine_01;10/01/2016 06:10:24; 54 
Machine_02;10/01/2016 06:10:41; 57 
Machine_01;10/01/2016 06:10:41; 36 
Machine_02;10/01/2016 06:10:57; 62 
Machine_01;10/01/2016 06:10:57; 73 
Machine_02;10/01/2016 06:11:13; 38 
Machine_01;10/01/2016 06:11:13; 48 
Machine_02;10/01/2016 06:11:30; 80 
Machine_01;10/01/2016 06:11:30; 74 
Machine_02;10/01/2016 06:11:46; 80 
Machine_01;10/01/2016 06:11:46; 49 
Machine_02;10/01/2016 06:12:03; 54 
Machine_01;10/01/2016 06:12:03; 49 
Machine_02;10/01/2016 06:12:19; 26 
Machine_01;10/01/2016 06:12:19; 30 
Machine_02;10/01/2016 06:12:36; 28 
Machine_01;10/01/2016 06:12:36; 32 
Machine_02;10/01/2016 06:12:52; 52 
Machine_01;10/01/2016 06:12:52; 44 
Machine_02;10/01/2016 06:13:09; 28 
Machine_01;10/01/2016 06:13:09; 50 
Machine_02;10/01/2016 06:13:25; 34 
Machine_01;10/01/2016 06:13:25; 38 
Machine_02;10/01/2016 06:13:42; 38 
Machine_01;10/01/2016 06:13:42; 36 
Machine_02;10/01/2016 06:13:58; 28 
Machine_01;10/01/2016 06:13:58; 57 
Machine_02;10/01/2016 06:14:14; 52 
Machine_01;10/01/2016 06:14:14; 66 
Machine_02;10/01/2016 06:14:31; 75 
Machine_01;10/01/2016 06:14:31; 27 
Machine_02;10/01/2016 06:14:47; 47 
Machine_01;10/01/2016 06:14:47; 26 
Machine_02;10/01/2016 06:15:03; 25 
Machine_01;10/01/2016 06:15:03; 76 
Machine_02;10/01/2016 06:15:20; 30 
Machine_01;10/01/2016 06:15:20; 40 
Machine_02;10/01/2016 06:15:36; 36 
Machine_01;10/01/2016 06:15:36; 64 
Machine_02;10/01/2016 06:15:52; 74 
Machine_01;10/01/2016 06:15:52; 61 
Machine_02;10/01/2016 06:16:08; 70 
Machine_01;10/01/2016 06:16:08; 79 
Machine_02;10/01/2016 06:16:25; 43 
Machine_01;10/01/2016 06:16:25; 80 
Machine_02;10/01/2016 06:16:41; 26 
Machine_01;10/01/2016 06:16:41; 56 
Machine_02;10/01/2016 06:16:57; 76 
Machine_01;10/01/2016 06:16:57; 72 
Machine_02;10/01/2016 06:17:13; 32 
Machine_01;10/01/2016 06:17:13; 44 
Machine_02;10/01/2016 06:17:30; 46 
Machine_01;10/01/2016 06:17:30; 79 
Machine_02;10/01/2016 06:17:46; 46 
Machine_01;10/01/2016 06:17:46; 39 
Machine_02;10/01/2016 06:18:02; 73 
Machine_01;10/01/2016 06:18:02; 55 
Machine_02;10/01/2016 06:18:19; 78 
Machine_01;10/01/2016 06:18:19; 47 
Machine_02;10/01/2016 06:18:35; 50 
Machine_01;10/01/2016 06:18:35; 34 
Machine_02;10/01/2016 06:18:51; 59 
Machine_01;10/01/2016 06:18:51; 78 
Machine_02;10/01/2016 06:19:08; 49 
Machine_01;10/01/2016 06:19:08; 30 
Machine_02;10/01/2016 06:19:24; 57 
Machine_01;10/01/2016 06:19:24; 41 
Machine_02;10/01/2016 06:19:40; 68 
Machine_01;10/01/2016 06:19:40; 51 
Machine_02;10/01/2016 06:19:57; 35 
Machine_01;10/01/2016 06:19:57; 28 
Machine_02;10/01/2016 06:20:13; 32 
Machine_01;10/01/2016 06:20:13; 59 
Machine_02;10/01/2016 06:20:30; 48 
Machine_01;10/01/2016 06:20:30; 47 
Machine_02;10/01/2016 06:20:46; 52 
Machine_01;10/01/2016 06:20:46; 71 
Machine_02;10/01/2016 06:21:02; 25 
Machine_01;10/01/2016 06:21:02; 44 
Machine_02;10/01/2016 06:21:18; 34 
Machine_01;10/01/2016 06:21:18; 39 
Machine_02;10/01/2016 06:21:34; 42 
Machine_01;10/01/2016 06:21:34; 28 
Machine_02;10/01/2016 06:21:51; 32 
Machine_01;10/01/2016 06:21:51; 67 
Machine_02;10/01/2016 06:22:07; 50 
Machine_01;10/01/2016 06:22:07; 28 
Machine_02;10/01/2016 06:22:23; 51 
Machine_01;10/01/2016 06:22:23; 60 
Machine_02;10/01/2016 06:22:40; 51 
Machine_01;10/01/2016 06:22:40; 63 
Machine_02;10/01/2016 06:22:56; 75 
Machine_01;10/01/2016 06:22:56; 76 
Machine_02;10/01/2016 06:23:12; 49 
Machine_01;10/01/2016 06:23:12; 59 
Machine_02;10/01/2016 06:23:29; 72 
Machine_01;10/01/2016 06:23:29; 76 
Machine_02;10/01/2016 06:23:45; 53 
Machine_01;10/01/2016 06:23:45; 60 
Machine_02;10/01/2016 06:24:01; 74 
Machine_01;10/01/2016 06:24:01; 67 
Machine_02;10/01/2016 06:24:18; 38 
Machine_01;10/01/2016 06:24:18; 64 
Machine_02;10/01/2016 06:24:34; 43 
Machine_01;10/01/2016 06:24:34; 42 
Machine_02;10/01/2016 06:24:51; 56 
Machine_01;10/01/2016 06:24:51; 52 
Machine_02;10/01/2016 06:25:07; 73 
Machine_01;10/01/2016 06:25:07; 62 
Machine_02;10/01/2016 06:25:24; 35 
Machine_01;10/01/2016 06:25:24; 75 
Machine_02;10/01/2016 06:25:40; 80 
Machine_01;10/01/2016 06:25:40; 41 
Machine_02;10/01/2016 06:25:57; 54 
Machine_01;10/01/2016 06:25:57; 30 
Machine_02;10/01/2016 06:26:14; 79 
Machine_01;10/01/2016 06:26:14; 40 
Machine_02;10/01/2016 06:26:30; 55 
Machine_01;10/01/2016 06:26:30; 54 
Machine_02;10/01/2016 06:26:47; 59 
Machine_01;10/01/2016 06:26:47; 66 
Machine_02;10/01/2016 06:27:03; 39 
Machine_01;10/01/2016 06:27:03; 74 
Machine_02;10/01/2016 06:27:19; 78 
Machine_01;10/01/2016 06:27:19; 56 
Machine_02;10/01/2016 06:27:35; 32 
Machine_01;10/01/2016 06:27:35; 54 
Machine_02;10/01/2016 06:27:52; 66 
Machine_01;10/01/2016 06:27:52; 54 
Machine_02;10/01/2016 06:28:08; 41 
Machine_01;10/01/2016 06:28:08; 34 
Machine_02;10/01/2016 06:28:24; 55 
Machine_01;10/01/2016 06:28:24; 58 
Machine_02;10/01/2016 06:28:41; 61 
Machine_01;10/01/2016 06:28:41; 58 
Machine_02;10/01/2016 06:28:57; 80 
Machine_01;10/01/2016 06:28:57; 77 
Machine_02;10/01/2016 06:29:14; 63 
Machine_01;10/01/2016 06:29:14; 51 
Machine_02;10/01/2016 06:29:30; 49 
Machine_01;10/01/2016 06:29:30; 63 
Machine_02;10/01/2016 06:29:47; 76 
Machine_01;10/01/2016 06:29:47; 69 
Machine_02;10/01/2016 06:30:03; 47 
Machine_01;10/01/2016 06:30:03; 48 
Machine_02;10/01/2016 06:30:20; 63 
Machine_01;10/01/2016 06:30:20; 49 
Machine_02;10/01/2016 06:30:36; 76 
Machine_01;10/01/2016 06:30:36; 59 
Machine_02;10/01/2016 06:30:53; 74 
Machine_01;10/01/2016 06:30:53; 62 
Machine_02;10/01/2016 06:31:09; 46 
Machine_01;10/01/2016 06:31:09; 72 
Machine_02;10/01/2016 06:31:26; 41 
Machine_01;10/01/2016 06:31:26; 61 
Machine_02;10/01/2016 06:31:42; 51 
Machine_01;10/01/2016 06:31:42; 29 
Machine_02;10/01/2016 06:31:59; 74 
Machine_01;10/01/2016 06:31:59; 67 
Machine_02;10/01/2016 06:32:16; 48 
Machine_01;10/01/2016 06:32:16; 74 
Machine_02;10/01/2016 06:32:32; 67 
Machine_01;10/01/2016 06:32:32; 48 
Machine_02;10/01/2016 06:32:49; 44 
Machine_01;10/01/2016 06:32:49; 28 
Machine_02;10/01/2016 06:33:05; 63 
Machine_01;10/01/2016 06:33:05; 35 
Machine_02;10/01/2016 06:33:21; 60 
Machine_01;10/01/2016 06:33:21; 45 
Machine_02;10/01/2016 06:33:38; 80 
Machine_01;10/01/2016 06:33:38; 50 
Machine_02;10/01/2016 06:33:54; 27 
Machine_01;10/01/2016 06:33:54; 79 
Machine_02;10/01/2016 06:34:10; 44 
Machine_01;10/01/2016 06:34:10; 31 
Machine_02;10/01/2016 06:34:27; 50 
Machine_01;10/01/2016 06:34:27; 50 
Machine_02;10/01/2016 06:34:43; 48 
Machine_01;10/01/2016 06:34:43; 75 
Machine_02;10/01/2016 06:34:59; 49 
Machine_01;10/01/2016 06:34:59; 30 
Machine_02;10/01/2016 06:35:16; 40 
Machine_01;10/01/2016 06:35:16; 65 
Machine_02;10/01/2016 06:35:32; 62 
Machine_01;10/01/2016 06:35:32; 50 
Machine_02;10/01/2016 06:35:49; 78 
Machine_01;10/01/2016 06:35:49; 28 
Machine_02;10/01/2016 06:36:05; 57 
Machine_01;10/01/2016 06:36:05; 64 
Machine_02;10/01/2016 06:36:21; 69 
Machine_01;10/01/2016 06:36:21; 47 
Machine_02;10/01/2016 06:36:38; 80 
Machine_01;10/01/2016 06:36:38; 66 
Machine_02;10/01/2016 06:36:54; 51 
Machine_01;10/01/2016 06:36:54; 77 
Machine_02;10/01/2016 06:37:10; 25 
Machine_01;10/01/2016 06:37:10; 58 
Machine_02;10/01/2016 06:37:27; 67 
Machine_01;10/01/2016 06:37:27; 51 
Machine_02;10/01/2016 06:37:43; 67 
Machine_01;10/01/2016 06:37:43; 26 
Machine_02;10/01/2016 06:38:00; 77 
Machine_01;10/01/2016 06:38:00; 72 
Machine_02;10/01/2016 06:38:16; 54 
Machine_01;10/01/2016 06:38:16; 40 
Machine_02;10/01/2016 06:38:33; 67 
Machine_01;10/01/2016 06:38:33; 39 
Machine_02;10/01/2016 06:38:50; 35 
Machine_01;10/01/2016 06:38:50; 69 
Machine_02;10/01/2016 06:39:06; 74 
Machine_01;10/01/2016 06:39:06; 74 
Machine_02;10/01/2016 06:39:22; 41 
Machine_01;10/01/2016 06:39:22; 79 
Machine_02;10/01/2016 06:39:39; 43 
Machine_01;10/01/2016 06:39:39; 28 
Machine_02;10/01/2016 06:39:55; 25 
Machine_01;10/01/2016 06:39:55; 56 
Machine_02;10/01/2016 06:40:11; 28 
Machine_01;10/01/2016 06:40:11; 36 
Machine_02;10/01/2016 06:40:27; 71 
Machine_01;10/01/2016 06:40:27; 48 
Machine_02;10/01/2016 06:40:44; 46 
Machine_01;10/01/2016 06:40:44; 59 
Machine_02;10/01/2016 06:41:00; 76 
Machine_01;10/01/2016 06:41:00; 29 
Machine_02;10/01/2016 06:41:17; 64 
Machine_01;10/01/2016 06:41:17; 28 
Machine_02;10/01/2016 06:41:33; 69 
Machine_01;10/01/2016 06:41:33; 44 
Machine_02;10/01/2016 06:41:50; 32 
Machine_01;10/01/2016 06:41:50; 63 
Machine_02;10/01/2016 06:42:06; 76 
Machine_01;10/01/2016 06:42:06; 48 
Machine_02;10/01/2016 06:42:23; 43 
Machine_01;10/01/2016 06:42:23; 28 
Machine_02;10/01/2016 06:42:40; 31 
Machine_01;10/01/2016 06:42:40; 69 
Machine_02;10/01/2016 06:42:56; 27 
Machine_01;10/01/2016 06:42:56; 35 
Machine_02;10/01/2016 06:43:12; 62 
Machine_01;10/01/2016 06:43:12; 53 
Machine_02;10/01/2016 06:43:28; 34 
Machine_01;10/01/2016 06:43:28; 63 
Machine_02;10/01/2016 06:43:45; 45 
Machine_01;10/01/2016 06:43:45; 79 
Machine_02;10/01/2016 06:44:01; 80 
Machine_01;10/01/2016 06:44:01; 64 
Machine_02;10/01/2016 06:44:18; 52 
Machine_01;10/01/2016 06:44:18; 38 
Machine_02;10/01/2016 06:44:34; 31 
Machine_01;10/01/2016 06:44:34; 57 
Machine_02;10/01/2016 06:44:51; 73 
Machine_01;10/01/2016 06:44:51; 60 
Machine_02;10/01/2016 06:45:07; 30 
Machine_01;10/01/2016 06:45:07; 74 
Machine_02;10/01/2016 06:45:23; 53 
Machine_01;10/01/2016 06:45:23; 77 
Machine_02;10/01/2016 06:45:40; 48 
Machine_01;10/01/2016 06:45:40; 31 
Machine_02;10/01/2016 06:45:56; 49 
Machine_01;10/01/2016 06:45:56; 78 
Machine_02;10/01/2016 06:46:12; 44 
Machine_01;10/01/2016 06:46:12; 69 
Machine_02;10/01/2016 06:46:29; 45 
Machine_01;10/01/2016 06:46:29; 68 
Machine_02;10/01/2016 06:46:45; 28 
Machine_01;10/01/2016 06:46:45; 68 
Machine_02;10/01/2016 06:47:02; 52 
Machine_01;10/01/2016 06:47:02; 65 
Machine_02;10/01/2016 06:47:18; 75 
Machine_01;10/01/2016 06:47:18; 33 
Machine_02;10/01/2016 06:47:34; 51 
Machine_01;10/01/2016 06:47:34; 45 
Machine_02;10/01/2016 06:47:50; 36 
Machine_01;10/01/2016 06:47:50; 59 
Machine_02;10/01/2016 06:48:07; 35 
Machine_01;10/01/2016 06:48:07; 51 
Machine_02;10/01/2016 06:48:23; 67 
Machine_01;10/01/2016 06:48:23; 61 
Machine_02;10/01/2016 06:48:39; 68 
Machine_01;10/01/2016 06:48:39; 35 
Machine_02;10/01/2016 06:48:55; 50 
Machine_01;10/01/2016 06:48:55; 60 
Machine_02;10/01/2016 06:49:11; 62 
Machine_01;10/01/2016 06:49:11; 29 
Machine_02;10/01/2016 06:49:28; 74 
Machine_01;10/01/2016 06:49:28; 72 
Machine_02;10/01/2016 06:49:44; 33 
Machine_01;10/01/2016 06:49:44; 65 
Machine_02;10/01/2016 06:50:00; 41 
Machine_01;10/01/2016 06:50:00; 44 
Machine_02;10/01/2016 06:50:16; 56 
Machine_01;10/01/2016 06:50:16; 45 
Machine_02;10/01/2016 06:50:33; 57 
Machine_01;10/01/2016 06:50:33; 57 
Machine_02;10/01/2016 06:50:49; 79 
Machine_01;10/01/2016 06:50:49; 77 
Machine_02;10/01/2016 06:51:05; 68 
Machine_01;10/01/2016 06:51:05; 70 
Machine_02;10/01/2016 06:51:21; 51 
Machine_01;10/01/2016 06:51:21; 48 
Machine_02;10/01/2016 06:51:37; 62 
Machine_01;10/01/2016 06:51:37; 45 
Machine_02;10/01/2016 06:51:54; 77 
Machine_01;10/01/2016 06:51:54; 61 
Machine_02;10/01/2016 06:52:10; 35 
Machine_01;10/01/2016 06:52:10; 51 
Machine_02;10/01/2016 06:52:26; 43 
Machine_01;10/01/2016 06:52:26; 62 
Machine_02;10/01/2016 06:52:42; 51 
Machine_01;10/01/2016 06:52:42; 65 
Machine_02;10/01/2016 06:52:59; 72 
Machine_01;10/01/2016 06:52:59; 56 
Machine_02;10/01/2016 06:53:15; 63 
Machine_01;10/01/2016 06:53:15; 52 
Machine_02;10/01/2016 06:53:31; 50 
Machine_01;10/01/2016 06:53:31; 71 
Machine_02;10/01/2016 06:53:48; 64 
Machine_01;10/01/2016 06:53:48; 57 
Machine_02;10/01/2016 06:54:04; 41 
Machine_01;10/01/2016 06:54:04; 65 
Machine_02;10/01/2016 06:54:20; 57 
Machine_01;10/01/2016 06:54:20; 49 
Machine_02;10/01/2016 06:54:37; 66 
Machine_01;10/01/2016 06:54:37; 32 
Machine_02;10/01/2016 06:54:53; 79 
Machine_01;10/01/2016 06:54:53; 56 
Machine_02;10/01/2016 06:55:10; 53 
Machine_01;10/01/2016 06:55:10; 76 
Machine_02;10/01/2016 06:55:26; 73 
Machine_01;10/01/2016 06:55:26; 65 
Machine_02;10/01/2016 06:55:43; 44 
Machine_01;10/01/2016 06:55:43; 46 
Machine_02;10/01/2016 06:55:59; 59 
Machine_01;10/01/2016 06:55:59; 30 
Machine_02;10/01/2016 06:56:15; 74 
Machine_01;10/01/2016 06:56:15; 72 
Machine_02;10/01/2016 06:56:32; 65 
Machine_01;10/01/2016 06:56:32; 38 
Machine_02;10/01/2016 06:56:48; 29 
Machine_01;10/01/2016 06:56:48; 36 
Machine_02;10/01/2016 06:57:05; 51 
Machine_01;10/01/2016 06:57:05; 70 
Machine_02;10/01/2016 06:57:21; 76 
Machine_01;10/01/2016 06:57:21; 46 
Machine_02;10/01/2016 06:57:37; 36 
Machine_01;10/01/2016 06:57:37; 50 
Machine_02;10/01/2016 06:57:54; 62 
Machine_01;10/01/2016 06:57:54; 69 
Machine_02;10/01/2016 06:58:10; 71 
Machine_01;10/01/2016 06:58:10; 80 
Machine_02;10/01/2016 06:58:26; 51 
Machine_01;10/01/2016 06:58:26; 44 
Machine_02;10/01/2016 06:58:42; 54 
Machine_01;10/01/2016 06:58:42; 35 
Machine_02;10/01/2016 06:58:59; 50 
Machine_01;10/01/2016 06:58:59; 55 
Machine_02;10/01/2016 06:59:15; 55 
Machine_01;10/01/2016 06:59:15; 55 
Machine_02;10/01/2016 06:59:32; 68 
Machine_01;10/01/2016 06:59:32; 61 
Machine_02;10/01/2016 06:59:48; 31 
Machine_01;10/01/2016 06:59:48; 53 
Machine_02;10/01/2016 07:00:05; 44 
Machine_01;10/01/2016 07:00:05; 32 
Machine_02;10/01/2016 07:00:21; 79 
Machine_01;10/01/2016 07:00:21; 57 
Machine_02;10/01/2016 07:00:37; 28 
Machine_01;10/01/2016 07:00:37; 32 
Machine_02;10/01/2016 07:00:54; 46 
Machine_01;10/01/2016 07:00:54; 56 
Machine_02;10/01/2016 07:01:10; 39 
Machine_01;10/01/2016 07:01:10; 59 
Machine_02;10/01/2016 07:01:26; 36 
Machine_01;10/01/2016 07:01:26; 61 
Machine_02;10/01/2016 07:01:42; 41 
Machine_01;10/01/2016 07:01:42; 46 
Machine_02;10/01/2016 07:01:59; 57 
Machine_01;10/01/2016 07:01:59; 31 
Machine_02;10/01/2016 07:02:15; 50 
Machine_01;10/01/2016 07:02:15; 69 
Machine_02;10/01/2016 07:02:31; 39 
Machine_01;10/01/2016 07:02:31; 33 
Machine_02;10/01/2016 07:02:47; 75 
Machine_01;10/01/2016 07:02:47; 67 
Machine_02;10/01/2016 07:03:04; 26 
Machine_01;10/01/2016 07:03:04; 26 
Machine_02;10/01/2016 07:03:20; 65 
Machine_01;10/01/2016 07:03:20; 56 
Machine_02;10/01/2016 07:03:36; 56 
Machine_01;10/01/2016 07:03:36; 67 
Machine_02;10/01/2016 07:03:53; 37 
Machine_01;10/01/2016 07:03:53; 36 
Machine_02;10/01/2016 07:04:09; 45 
Machine_01;10/01/2016 07:04:09; 34 
Machine_02;10/01/2016 07:04:26; 39 
Machine_01;10/01/2016 07:04:26; 50 
Machine_02;10/01/2016 07:04:43; 32 
Machine_01;10/01/2016 07:04:43; 29 
Machine_02;10/01/2016 07:04:59; 63 
Machine_01;10/01/2016 07:04:59; 51 
Machine_02;10/01/2016 07:05:15; 78 
Machine_01;10/01/2016 07:05:15; 61 
Machine_02;10/01/2016 07:05:31; 80 
Machine_01;10/01/2016 07:05:31; 58 
Machine_02;10/01/2016 07:05:48; 40 
Machine_01;10/01/2016 07:05:48; 68 
Machine_02;10/01/2016 07:06:04; 53 
Machine_01;10/01/2016 07:06:04; 31 
Machine_02;10/01/2016 07:06:20; 25 
Machine_01;10/01/2016 07:06:20; 65 
Machine_02;10/01/2016 07:06:37; 37 
Machine_01;10/01/2016 07:06:37; 69 
Machine_02;10/01/2016 07:06:53; 49 
Machine_01;10/01/2016 07:06:53; 58 
Machine_02;10/01/2016 07:07:09; 40 
Machine_01;10/01/2016 07:07:09; 39 
Machine_02;10/01/2016 07:07:25; 65 
Machine_01;10/01/2016 07:07:25; 32 
Machine_02;10/01/2016 07:07:41; 58 
Machine_01;10/01/2016 07:07:41; 54 
Machine_02;10/01/2016 07:07:58; 29 
Machine_01;10/01/2016 07:07:58; 64 
Machine_02;10/01/2016 07:08:14; 75 
Machine_01;10/01/2016 07:08:14; 65 
Machine_02;10/01/2016 07:08:30; 67 
Machine_01;10/01/2016 07:08:30; 26 
Machine_02;10/01/2016 07:08:46; 40 
Machine_01;10/01/2016 07:08:46; 68 
Machine_02;10/01/2016 07:09:03; 30 
Machine_01;10/01/2016 07:09:03; 28 
Machine_02;10/01/2016 07:09:19; 63 
Machine_01;10/01/2016 07:09:19; 68 
Machine_02;10/01/2016 07:09:35; 49 
Machine_01;10/01/2016 07:09:35; 27 
Machine_02;10/01/2016 07:09:51; 73 
Machine_01;10/01/2016 07:09:51; 32 
Machine_02;10/01/2016 07:10:07; 36 
Machine_01;10/01/2016 07:10:07; 29 
Machine_02;10/01/2016 07:10:23; 53 
Machine_01;10/01/2016 07:10:23; 55 
Machine_02;10/01/2016 07:10:39; 40 
Machine_01;10/01/2016 07:10:39; 71 
Machine_02;10/01/2016 07:10:55; 75 
Machine_01;10/01/2016 07:10:55; 77 
Machine_02;10/01/2016 07:11:12; 60 
Machine_01;10/01/2016 07:11:12; 43 
Machine_02;10/01/2016 07:11:28; 53 
Machine_01;10/01/2016 07:11:28; 69 
Machine_02;10/01/2016 07:11:44; 32 
Machine_01;10/01/2016 07:11:44; 79 
Machine_02;10/01/2016 07:12:00; 43 
Machine_01;10/01/2016 07:12:00; 70 
Machine_02;10/01/2016 07:12:17; 37 
Machine_01;10/01/2016 07:12:17; 72 
Machine_02;10/01/2016 07:12:33; 54 
Machine_01;10/01/2016 07:12:33; 76 
Machine_02;10/01/2016 07:12:49; 66 
Machine_01;10/01/2016 07:12:49; 75 
Machine_02;10/01/2016 07:13:05; 30 
Machine_01;10/01/2016 07:13:05; 66 
Machine_02;10/01/2016 07:13:21; 35 
Machine_01;10/01/2016 07:13:21; 27 
Machine_02;10/01/2016 07:13:38; 29 
Machine_01;10/01/2016 07:13:38; 69 
Machine_02;10/01/2016 07:13:54; 25 
Machine_01;10/01/2016 07:13:54; 52 
Machine_02;10/01/2016 07:14:10; 28 
Machine_01;10/01/2016 07:14:10; 44 
Machine_02;10/01/2016 07:14:26; 59 
Machine_01;10/01/2016 07:14:26; 75 
Machine_02;10/01/2016 07:14:42; 39 
Machine_01;10/01/2016 07:14:42; 56 
Machine_02;10/01/2016 07:14:59; 30 
Machine_01;10/01/2016 07:14:59; 41 
Machine_02;10/01/2016 07:15:15; 68 
Machine_01;10/01/2016 07:15:15; 47 
Machine_02;10/01/2016 07:15:31; 67 
Machine_01;10/01/2016 07:15:31; 65 
Machine_02;10/01/2016 07:15:47; 61 
Machine_01;10/01/2016 07:15:47; 27 
Machine_02;10/01/2016 07:16:03; 37 
Machine_01;10/01/2016 07:16:03; 64 
Machine_02;10/01/2016 07:16:19; 36 
Machine_01;10/01/2016 07:16:19; 52 
Machine_02;10/01/2016 07:16:36; 45 
Machine_01;10/01/2016 07:16:36; 78 
Machine_02;10/01/2016 07:16:52; 67 
Machine_01;10/01/2016 07:16:52; 75 
Machine_02;10/01/2016 07:17:08; 76 
Machine_01;10/01/2016 07:17:08; 73 
Machine_02;10/01/2016 07:17:24; 52 
Machine_01;10/01/2016 07:17:24; 44 
Machine_02;10/01/2016 07:17:40; 47 
Machine_01;10/01/2016 07:17:40; 58 
Machine_02;10/01/2016 07:17:56; 65 
Machine_01;10/01/2016 07:17:56; 47 
Machine_02;10/01/2016 07:18:12; 75 
Machine_01;10/01/2016 07:18:12; 48 
Machine_02;10/01/2016 07:18:28; 72 
Machine_01;10/01/2016 07:18:28; 34 
Machine_02;10/01/2016 07:18:44; 53 
Machine_01;10/01/2016 07:18:44; 54 
Machine_02;10/01/2016 07:19:01; 70 
Machine_01;10/01/2016 07:19:01; 25 
Machine_02;10/01/2016 07:19:17; 76 
Machine_01;10/01/2016 07:19:17; 32 
Machine_02;10/01/2016 07:19:33; 31 
Machine_01;10/01/2016 07:19:33; 28 
Machine_02;10/01/2016 07:19:49; 59 
Machine_01;10/01/2016 07:19:49; 36 
Machine_02;10/01/2016 07:20:06; 44 
Machine_01;10/01/2016 07:20:06; 66 
Machine_02;10/01/2016 07:20:22; 48 
Machine_01;10/01/2016 07:20:22; 50 
Machine_02;10/01/2016 07:20:38; 49 
Machine_01;10/01/2016 07:20:38; 80 
Machine_02;10/01/2016 07:20:54; 28 
Machine_01;10/01/2016 07:20:54; 70 
Machine_02;10/01/2016 07:21:10; 32 
Machine_01;10/01/2016 07:21:10; 53 
Machine_02;10/01/2016 07:21:26; 51 
Machine_01;10/01/2016 07:21:26; 51 
Machine_02;10/01/2016 07:21:42; 43 
Machine_01;10/01/2016 07:21:42; 79 
Machine_02;10/01/2016 07:21:59; 71 
Machine_01;10/01/2016 07:21:59; 50 
Machine_02;10/01/2016 07:22:15; 50 
Machine_01;10/01/2016 07:22:15; 38 
Machine_02;10/01/2016 07:22:31; 52 
Machine_01;10/01/2016 07:22:31; 46 
Machine_02;10/01/2016 07:22:47; 41 
Machine_01;10/01/2016 07:22:47; 29 
Machine_02;10/01/2016 07:23:03; 44 
Machine_01;10/01/2016 07:23:03; 61 
Machine_02;10/01/2016 07:23:20; 59 
Machine_01;10/01/2016 07:23:20; 39 
Machine_02;10/01/2016 07:23:36; 42 
Machine_01;10/01/2016 07:23:36; 46 
Machine_02;10/01/2016 07:23:52; 77 
Machine_01;10/01/2016 07:23:52; 62 
Machine_02;10/01/2016 07:24:09; 27 
Machine_01;10/01/2016 07:24:09; 75 
Machine_02;10/01/2016 07:24:25; 38 
Machine_01;10/01/2016 07:24:25; 38 
Machine_02;10/01/2016 07:24:41; 73 
Machine_01;10/01/2016 07:24:41; 63 
Machine_02;10/01/2016 07:24:57; 54 
Machine_01;10/01/2016 07:24:57; 25 
Machine_02;10/01/2016 07:25:13; 75 
Machine_01;10/01/2016 07:25:13; 39 
Machine_02;10/01/2016 07:25:29; 40 
Machine_01;10/01/2016 07:25:29; 74 
Machine_02;10/01/2016 07:25:45; 65 
Machine_01;10/01/2016 07:25:45; 52 
Machine_02;10/01/2016 07:26:01; 68 
Machine_01;10/01/2016 07:26:01; 36 
Machine_02;10/01/2016 07:26:18; 80 
Machine_01;10/01/2016 07:26:18; 28 
Machine_02;10/01/2016 07:26:34; 27 
Machine_01;10/01/2016 07:26:34; 42 
Machine_02;10/01/2016 07:26:50; 56 
Machine_01;10/01/2016 07:26:50; 65 
Machine_02;10/01/2016 07:27:06; 73 
Machine_01;10/01/2016 07:27:06; 78 
Machine_02;10/01/2016 07:27:22; 74 
Machine_01;10/01/2016 07:27:22; 40 
Machine_02;10/01/2016 07:27:39; 50 
Machine_01;10/01/2016 07:27:39; 30 
Machine_02;10/01/2016 07:27:55; 25 
Machine_01;10/01/2016 07:27:55; 31 
Machine_02;10/01/2016 07:28:11; 33 
Machine_01;10/01/2016 07:28:11; 73 
Machine_02;10/01/2016 07:28:27; 63 
Machine_01;10/01/2016 07:28:27; 72 
Machine_02;10/01/2016 07:28:43; 48 
Machine_01;10/01/2016 07:28:43; 50 
Machine_02;10/01/2016 07:28:59; 72 
Machine_01;10/01/2016 07:28:59; 49 
Machine_02;10/01/2016 07:29:15; 28 
Machine_01;10/01/2016 07:29:15; 66 
Machine_02;10/01/2016 07:29:32; 55 
Machine_01;10/01/2016 07:29:32; 46 
Machine_02;10/01/2016 07:29:48; 33 
Machine_01;10/01/2016 07:29:48; 58 
Machine_02;10/01/2016 12:19:22; 43 
Machine_01;10/01/2016 12:19:22; 39 
Machine_02;10/01/2016 12:19:39; 64 
Machine_01;10/01/2016 12:19:39; 52 
Machine_02;10/01/2016 12:19:55; 46 
Machine_01;10/01/2016 12:19:55; 75 
Machine_02;10/01/2016 12:20:11; 43 
Machine_01;10/01/2016 12:20:11; 38 
Machine_02;10/01/2016 12:20:28; 73 
Machine_01;10/01/2016 12:20:28; 74 
Machine_02;10/01/2016 12:20:44; 65 
Machine_01;10/01/2016 12:20:44; 73 
Machine_02;10/01/2016 12:21:00; 39 
Machine_01;10/01/2016 12:21:00; 29 
Machine_02;10/01/2016 12:21:17; 69 
Machine_01;10/01/2016 12:21:17; 77 
Machine_02;10/01/2016 12:21:33; 67 
Machine_01;10/01/2016 12:21:33; 57 
Machine_02;10/01/2016 12:21:49; 60 
Machine_01;10/01/2016 12:21:49; 60 
Machine_02;10/01/2016 12:22:06; 49 
Machine_01;10/01/2016 12:22:06; 62 
Machine_02;10/01/2016 12:22:22; 75 
Machine_01;10/01/2016 12:22:22; 62 
Machine_02;10/01/2016 12:22:38; 57 
Machine_01;10/01/2016 12:22:38; 34 
Machine_02;10/01/2016 12:22:55; 67 
Machine_01;10/01/2016 12:22:55; 33 
Machine_02;10/01/2016 12:23:12; 32 
Machine_01;10/01/2016 12:23:12; 30 
Machine_02;10/01/2016 12:23:28; 57 
Machine_01;10/01/2016 12:23:28; 27 
Machine_02;10/01/2016 12:23:44; 31 
Machine_01;10/01/2016 12:23:44; 27 
Machine_02;10/01/2016 12:24:01; 31 
Machine_01;10/01/2016 12:24:01; 76 
Machine_02;10/01/2016 12:24:17; 45 
Machine_01;10/01/2016 12:24:17; 65 
Machine_02;10/01/2016 12:24:33; 36 
Machine_01;10/01/2016 12:24:33; 69 
Machine_02;10/01/2016 12:24:50; 69 
Machine_01;10/01/2016 12:24:50; 53 
Machine_02;10/01/2016 12:25:06; 53 
Machine_01;10/01/2016 12:25:06; 53 
Machine_02;10/01/2016 12:25:22; 63 
Machine_01;10/01/2016 12:25:22; 53 
Machine_02;10/01/2016 12:25:39; 66 
Machine_01;10/01/2016 12:25:39; 37 
Machine_02;10/01/2016 12:25:55; 37 
Machine_01;10/01/2016 12:25:55; 30 
Machine_02;10/01/2016 12:26:12; 55 
Machine_01;10/01/2016 12:26:12; 47 
Machine_02;10/01/2016 12:26:28; 60 
Machine_01;10/01/2016 12:26:28; 59 
Machine_02;10/01/2016 12:26:44; 63 
Machine_01;10/01/2016 12:26:44; 27 
Machine_02;10/01/2016 12:27:01; 72 
Machine_01;10/01/2016 12:27:01; 59 
Machine_02;10/01/2016 12:27:17; 78 
Machine_01;10/01/2016 12:27:17; 71 
Machine_02;10/01/2016 12:27:33; 62 
Machine_01;10/01/2016 12:27:33; 55 
Machine_02;10/01/2016 12:27:50; 68 
Machine_01;10/01/2016 12:27:50; 26 
Machine_02;10/01/2016 12:28:06; 33 
Machine_01;10/01/2016 12:28:06; 41 
Machine_02;10/01/2016 12:28:23; 72 
Machine_01;10/01/2016 12:28:23; 72 
Machine_02;10/01/2016 12:28:39; 50 
Machine_01;10/01/2016 12:28:39; 52 
Machine_02;10/01/2016 12:28:56; 44 
Machine_01;10/01/2016 12:28:56; 35 
Machine_02;10/01/2016 12:29:12; 54 
Machine_01;10/01/2016 12:29:12; 36 
Machine_02;10/01/2016 12:29:29; 79 
Machine_01;10/01/2016 12:29:29; 44 
Machine_02;10/01/2016 12:29:46; 77 
Machine_01;10/01/2016 12:29:46; 59 
Machine_02;10/01/2016 12:30:02; 56 
Machine_01;10/01/2016 12:30:02; 77 
Machine_02;10/01/2016 12:30:18; 74 
Machine_01;10/01/2016 12:30:18; 55 
Machine_02;10/01/2016 12:30:34; 27 
Machine_01;10/01/2016 12:30:34; 54 
Machine_02;10/01/2016 12:30:51; 76 
Machine_01;10/01/2016 12:30:51; 77 
Machine_02;10/01/2016 12:31:07; 28 
Machine_01;10/01/2016 12:31:07; 52 
Machine_02;10/01/2016 12:31:23; 65 
Machine_01;10/01/2016 12:31:23; 31 
Machine_02;10/01/2016 12:31:40; 43 
Machine_01;10/01/2016 12:31:40; 45 
Machine_02;10/01/2016 12:31:56; 76 
Machine_01;10/01/2016 12:31:56; 59 
Machine_02;10/01/2016 12:32:13; 59 
Machine_01;10/01/2016 12:32:13; 57 
Machine_02;10/01/2016 12:32:29; 42 
Machine_01;10/01/2016 12:32:29; 79 
Machine_02;10/01/2016 12:32:46; 54 
Machine_01;10/01/2016 12:32:46; 67 
Machine_02;10/01/2016 12:33:02; 25 
Machine_01;10/01/2016 12:33:02; 49 
Machine_02;10/01/2016 12:33:19; 38 
Machine_01;10/01/2016 12:33:19; 57 
Machine_02;10/01/2016 12:33:36; 76 
Machine_01;10/01/2016 12:33:36; 48 
Machine_02;10/01/2016 12:33:52; 44 
Machine_01;10/01/2016 12:33:52; 26 
Machine_02;10/01/2016 12:34:09; 65 
Machine_01;10/01/2016 12:34:09; 34 
Machine_02;10/01/2016 12:34:25; 40 
Machine_01;10/01/2016 12:34:25; 65 
Machine_02;10/01/2016 12:34:41; 74 
Machine_01;10/01/2016 12:34:41; 58 
Machine_02;10/01/2016 12:34:57; 61 
Machine_01;10/01/2016 12:34:57; 47 
Machine_02;10/01/2016 12:35:14; 34 
Machine_01;10/01/2016 12:35:14; 52 
Machine_02;10/01/2016 12:35:31; 49 
Machine_01;10/01/2016 12:35:31; 43 
Machine_02;10/01/2016 12:35:47; 60 
Machine_01;10/01/2016 12:35:47; 68 
Machine_02;10/01/2016 12:36:03; 40 
Machine_01;10/01/2016 12:36:03; 65 
Machine_02;10/01/2016 12:36:20; 57 
Machine_01;10/01/2016 12:36:20; 77 
Machine_02;10/01/2016 12:36:36; 78 
Machine_01;10/01/2016 12:36:36; 26 
Machine_02;10/01/2016 12:36:52; 42 
Machine_01;10/01/2016 12:36:52; 79 
Machine_02;10/01/2016 12:37:09; 28 
Machine_01;10/01/2016 12:37:09; 32 
Machine_02;10/01/2016 12:37:25; 75 
Machine_01;10/01/2016 12:37:25; 67 
Machine_02;10/01/2016 12:37:41; 46 
Machine_01;10/01/2016 12:37:41; 74 
Machine_02;10/01/2016 12:37:58; 76 
Machine_01;10/01/2016 12:37:58; 42 
Machine_02;10/01/2016 12:38:14; 36 
Machine_01;10/01/2016 12:38:14; 78 
Machine_02;10/01/2016 12:38:31; 71 
Machine_01;10/01/2016 12:38:31; 36 
Machine_02;10/01/2016 12:38:47; 44 
Machine_01;10/01/2016 12:38:47; 40 
Machine_02;10/01/2016 12:39:04; 40 
Machine_01;10/01/2016 12:39:04; 41 
Machine_02;10/01/2016 12:39:20; 32 
Machine_01;10/01/2016 12:39:20; 26 
Machine_02;10/01/2016 12:39:37; 35 
Machine_01;10/01/2016 12:39:37; 60 
Machine_02;10/01/2016 12:39:54; 44 
Machine_01;10/01/2016 12:39:54; 63 
Machine_02;10/01/2016 12:40:10; 63 
Machine_01;10/01/2016 12:40:10; 52 
Machine_02;10/01/2016 12:40:26; 28 
Machine_01;10/01/2016 12:40:26; 68 
Machine_02;10/01/2016 12:40:43; 62 
Machine_01;10/01/2016 12:40:43; 80 
Machine_02;10/01/2016 12:40:59; 70 
Machine_01;10/01/2016 12:40:59; 63 
Machine_02;10/01/2016 12:41:15; 76 
Machine_01;10/01/2016 12:41:15; 31 
Machine_02;10/01/2016 12:41:31; 47 
Machine_01;10/01/2016 12:41:31; 59 
Machine_02;10/01/2016 12:41:48; 49 
Machine_01;10/01/2016 12:41:48; 47 
Machine_02;10/01/2016 12:42:04; 72 
Machine_01;10/01/2016 12:42:04; 25 
Machine_02;10/01/2016 12:42:20; 63 
Machine_01;10/01/2016 12:42:20; 26 
Machine_02;10/01/2016 12:42:37; 66 
Machine_01;10/01/2016 12:42:37; 40 
Machine_02;10/01/2016 12:42:53; 79 
Machine_01;10/01/2016 12:42:53; 55 
Machine_02;10/01/2016 12:43:09; 29 
Machine_01;10/01/2016 12:43:09; 44 
Machine_02;10/01/2016 12:43:26; 39 
Machine_01;10/01/2016 12:43:26; 27 
Machine_02;10/01/2016 12:43:42; 74 
Machine_01;10/01/2016 12:43:42; 39 
Machine_02;10/01/2016 12:43:59; 70 
Machine_01;10/01/2016 12:43:59; 58 
Machine_02;10/01/2016 12:44:15; 68 
Machine_01;10/01/2016 12:44:15; 53 
Machine_02;10/01/2016 12:44:32; 53 
Machine_01;10/01/2016 12:44:32; 79 
Machine_02;10/01/2016 12:44:48; 76 
Machine_01;10/01/2016 12:44:48; 70 
Machine_02;10/01/2016 12:45:05; 56 
Machine_01;10/01/2016 12:45:05; 55 
Machine_02;10/01/2016 12:45:21; 72 
Machine_01;10/01/2016 12:45:21; 79 
Machine_02;10/01/2016 12:45:38; 34 
Machine_01;10/01/2016 12:45:38; 73 
Machine_02;10/01/2016 12:45:54; 60 
Machine_01;10/01/2016 12:45:54; 35 
Machine_02;10/01/2016 12:46:10; 79 
Machine_01;10/01/2016 12:46:10; 74 
Machine_02;10/01/2016 12:46:27; 54 
Machine_01;10/01/2016 12:46:27; 49 
Machine_02;10/01/2016 12:46:43; 29 
Machine_01;10/01/2016 12:46:43; 79 
Machine_02;10/01/2016 12:46:59; 80 
Machine_01;10/01/2016 12:46:59; 80 
Machine_02;10/01/2016 12:47:16; 54 
Machine_01;10/01/2016 12:47:16; 33 
Machine_02;10/01/2016 12:47:32; 53 
Machine_01;10/01/2016 12:47:32; 47 
Machine_02;10/01/2016 12:47:49; 37 
Machine_01;10/01/2016 12:47:49; 51 
Machine_02;10/01/2016 12:48:05; 57 
Machine_01;10/01/2016 12:48:05; 25 
Machine_02;10/01/2016 12:48:22; 71 
Machine_01;10/01/2016 12:48:22; 41 
Machine_02;10/01/2016 12:48:38; 64 
Machine_01;10/01/2016 12:48:38; 62 
Machine_02;10/01/2016 12:48:55; 73 
Machine_01;10/01/2016 12:48:55; 26 
Machine_02;10/01/2016 12:49:12; 64 
Machine_01;10/01/2016 12:49:12; 61 
Machine_02;10/01/2016 12:49:28; 32 
Machine_01;10/01/2016 12:49:28; 29 
Machine_02;10/01/2016 12:49:44; 26 
Machine_01;10/01/2016 12:49:44; 75 
Machine_02;10/01/2016 12:50:01; 35 
Machine_01;10/01/2016 12:50:01; 41 
Machine_02;10/01/2016 12:50:17; 46 
Machine_01;10/01/2016 12:50:17; 38 
Machine_02;10/01/2016 12:50:33; 25 
Machine_01;10/01/2016 12:50:33; 75 
Machine_02;10/01/2016 12:50:49; 73 
Machine_01;10/01/2016 12:50:49; 66 
Machine_02;10/01/2016 12:51:06; 36 
Machine_01;10/01/2016 12:51:06; 70 
Machine_02;10/01/2016 12:51:22; 68 
Machine_01;10/01/2016 12:51:22; 30 
Machine_02;10/01/2016 12:51:39; 66 
Machine_01;10/01/2016 12:51:39; 53 
Machine_02;10/01/2016 12:51:55; 73 
Machine_01;10/01/2016 12:51:55; 69 
Machine_02;10/01/2016 12:52:11; 76 
Machine_01;10/01/2016 12:52:11; 75 
Machine_02;10/01/2016 12:52:27; 44 
Machine_01;10/01/2016 12:52:27; 58 
Machine_02;10/01/2016 12:52:44; 46 
Machine_01;10/01/2016 12:52:44; 51 
Machine_02;10/01/2016 12:53:00; 62 
Machine_01;10/01/2016 12:53:00; 68 
Machine_02;10/01/2016 12:53:16; 39 
Machine_01;10/01/2016 12:53:16; 27 
Machine_02;10/01/2016 12:53:33; 62 
Machine_01;10/01/2016 12:53:33; 45 
Machine_02;10/01/2016 12:53:49; 78 
Machine_01;10/01/2016 12:53:49; 67 
Machine_02;10/01/2016 12:54:06; 26 
Machine_01;10/01/2016 12:54:06; 38 
Machine_02;10/01/2016 12:54:22; 79 
Machine_01;10/01/2016 12:54:22; 65 
Machine_02;10/01/2016 12:54:39; 30 
Machine_01;10/01/2016 12:54:39; 79 
Machine_02;10/01/2016 12:54:56; 59 
Machine_01;10/01/2016 12:54:56; 48 
Machine_02;10/01/2016 12:55:12; 35 
Machine_01;10/01/2016 12:55:12; 67 
Machine_02;10/01/2016 12:55:29; 54 
Machine_01;10/01/2016 12:55:29; 29 
Machine_02;10/01/2016 12:55:45; 75 
Machine_01;10/01/2016 12:55:45; 38 
Machine_02;10/01/2016 12:56:01; 79 
Machine_01;10/01/2016 12:56:01; 77 
Machine_02;10/01/2016 12:56:17; 62 
Machine_01;10/01/2016 12:56:17; 51 
Machine_02;10/01/2016 12:56:34; 69 
Machine_01;10/01/2016 12:56:34; 51 
Machine_02;10/01/2016 12:56:50; 52 
Machine_01;10/01/2016 12:56:50; 28 
Machine_02;10/01/2016 12:57:06; 29 
Machine_01;10/01/2016 12:57:06; 45 
Machine_02;10/01/2016 12:57:23; 63 
Machine_01;10/01/2016 12:57:23; 53 
Machine_02;10/01/2016 12:57:39; 69 
Machine_01;10/01/2016 12:57:39; 56 
Machine_02;10/01/2016 12:57:56; 45 
Machine_01;10/01/2016 12:57:56; 62 
Machine_02;10/01/2016 12:58:12; 79 
Machine_01;10/01/2016 12:58:12; 69 
Machine_02;10/01/2016 12:58:29; 70 
Machine_01;10/01/2016 12:58:29; 37 
Machine_02;10/01/2016 12:58:45; 29 
Machine_01;10/01/2016 12:58:45; 57 
Machine_02;10/01/2016 12:59:02; 47 
Machine_01;10/01/2016 12:59:02; 72 
Machine_02;10/01/2016 12:59:18; 64 
Machine_01;10/01/2016 12:59:18; 68 
Machine_02;10/01/2016 12:59:35; 40 
Machine_01;10/01/2016 12:59:35; 54 
Machine_02;10/01/2016 12:59:52; 40 
Machine_01;10/01/2016 12:59:52; 55 
Machine_02;10/01/2016 13:00:08; 48 
Machine_01;10/01/2016 13:00:08; 47 
Machine_02;10/01/2016 13:00:24; 51 
Machine_01;10/01/2016 13:00:24; 53 
Machine_02;10/01/2016 13:00:41; 60 
Machine_01;10/01/2016 13:00:41; 30 
Machine_02;10/01/2016 13:00:57; 79 
Machine_01;10/01/2016 13:00:57; 51 
Machine_02;10/01/2016 13:01:13; 69 
Machine_01;10/01/2016 13:01:13; 31 
Machine_02;10/01/2016 13:01:29; 70 
Machine_01;10/01/2016 13:01:29; 47 
Machine_02;10/01/2016 13:01:46; 29 
Machine_01;10/01/2016 13:01:46; 63 
Machine_02;10/01/2016 13:02:02; 34 
Machine_01;10/01/2016 13:02:02; 40 
Machine_02;10/01/2016 13:02:19; 34 
Machine_01;10/01/2016 13:02:19; 67 
Machine_02;10/01/2016 13:02:35; 54 
Machine_01;10/01/2016 13:02:35; 68 
Machine_02;10/01/2016 13:02:52; 42 
Machine_01;10/01/2016 13:02:52; 56 
Machine_02;10/01/2016 13:03:08; 69 
Machine_01;10/01/2016 13:03:08; 61 
Machine_02;10/01/2016 13:03:25; 48 
Machine_01;10/01/2016 13:03:25; 59 
Machine_02;10/01/2016 13:03:41; 34 
Machine_01;10/01/2016 13:03:41; 53 
Machine_02;10/01/2016 13:03:58; 72 
Machine_01;10/01/2016 13:03:58; 71 
Machine_02;10/01/2016 13:04:14; 72 
Machine_01;10/01/2016 13:04:14; 75 
Machine_02;10/01/2016 13:04:31; 31 
Machine_01;10/01/2016 13:04:31; 66 
Machine_02;10/01/2016 13:04:47; 57 
Machine_01;10/01/2016 13:04:47; 46 
Machine_02;10/01/2016 13:05:04; 59 
Machine_01;10/01/2016 13:05:04; 65 
Machine_02;10/01/2016 13:05:20; 54 
Machine_01;10/01/2016 13:05:20; 66 
Machine_02;10/01/2016 13:05:37; 63 
Machine_01;10/01/2016 13:05:37; 37 
Machine_02;10/01/2016 13:05:53; 50 
Machine_01;10/01/2016 13:05:53; 27 
Machine_02;10/01/2016 13:06:10; 68 
Machine_01;10/01/2016 13:06:10; 57 
Machine_02;10/01/2016 13:06:26; 49 
Machine_01;10/01/2016 13:06:26; 56 
Machine_02;10/01/2016 13:06:43; 77 
Machine_01;10/01/2016 13:06:43; 63 
Machine_02;10/01/2016 13:06:59; 53 
Machine_01;10/01/2016 13:06:59; 80 
Machine_02;10/01/2016 13:07:16; 33 
Machine_01;10/01/2016 13:07:16; 64 
Machine_02;10/01/2016 13:07:32; 43 
Machine_01;10/01/2016 13:07:32; 66 
Machine_02;10/01/2016 13:07:48; 39 
Machine_01;10/01/2016 13:07:48; 42 
Machine_02;10/01/2016 13:08:05; 52 
Machine_01;10/01/2016 13:08:05; 48 
Machine_02;10/01/2016 13:08:21; 25 
Machine_01;10/01/2016 13:08:21; 68 
Machine_02;10/01/2016 13:08:37; 52 
Machine_01;10/01/2016 13:08:37; 54 
Machine_02;10/01/2016 13:08:53; 51 
Machine_01;10/01/2016 13:08:53; 57 
Machine_02;10/01/2016 13:09:10; 56 
Machine_01;10/01/2016 13:09:10; 63 
Machine_02;10/01/2016 13:09:26; 27 
Machine_01;10/01/2016 13:09:26; 68 
Machine_02;10/01/2016 13:09:43; 29 
Machine_01;10/01/2016 13:09:43; 72 
Machine_02;10/01/2016 13:09:59; 35 
Machine_01;10/01/2016 13:09:59; 35 
Machine_02;10/01/2016 13:10:16; 28 
Machine_01;10/01/2016 13:10:16; 57 
Machine_02;10/01/2016 13:10:32; 68 
Machine_01;10/01/2016 13:10:32; 58 
Machine_02;10/01/2016 13:10:49; 59 
Machine_01;10/01/2016 13:10:49; 70 
Machine_02;10/01/2016 13:11:05; 66 
Machine_01;10/01/2016 13:11:05; 40 
Machine_02;10/01/2016 13:11:22; 44 
Machine_01;10/01/2016 13:11:22; 54 
Machine_02;10/01/2016 13:11:38; 73 
Machine_01;10/01/2016 13:11:38; 56 
Machine_02;10/01/2016 13:11:54; 67 
Machine_01;10/01/2016 13:11:54; 61 
Machine_02;10/01/2016 13:12:10; 73 
Machine_01;10/01/2016 13:12:10; 63 
Machine_02;10/01/2016 13:12:27; 59 
Machine_01;10/01/2016 13:12:27; 77 
Machine_02;10/01/2016 13:12:43; 57 
Machine_01;10/01/2016 13:12:43; 67 
Machine_02;10/01/2016 13:13:00; 25 
Machine_01;10/01/2016 13:13:00; 53 
Machine_02;10/01/2016 13:13:16; 32 
Machine_01;10/01/2016 13:13:16; 43 
Machine_02;10/01/2016 13:13:33; 33 
Machine_01;10/01/2016 13:13:33; 77 
Machine_02;10/01/2016 13:13:49; 27 
Machine_01;10/01/2016 13:13:49; 74 
Machine_02;10/01/2016 13:14:05; 45 
Machine_01;10/01/2016 13:14:05; 45 
Machine_02;10/01/2016 13:14:22; 40 
Machine_01;10/01/2016 13:14:22; 33 
Machine_02;10/01/2016 13:14:38; 36 
Machine_01;10/01/2016 13:14:38; 41 
Machine_02;10/01/2016 13:14:54; 63 
Machine_01;10/01/2016 13:14:54; 52 
Machine_02;10/01/2016 13:15:11; 45 
Machine_01;10/01/2016 13:15:11; 74 
Machine_02;10/01/2016 13:15:27; 58 
Machine_01;10/01/2016 13:15:27; 41 
Machine_02;10/01/2016 13:15:43; 33 
Machine_01;10/01/2016 13:15:43; 59 
Machine_02;10/01/2016 13:16:00; 29 
Machine_01;10/01/2016 13:16:00; 45 
Machine_02;10/01/2016 13:16:16; 51 
Machine_01;10/01/2016 13:16:16; 54 
Machine_02;10/01/2016 13:16:33; 54 
Machine_01;10/01/2016 13:16:33; 76 
Machine_02;10/01/2016 13:16:49; 30 
Machine_01;10/01/2016 13:16:49; 37 
Machine_02;10/01/2016 13:17:06; 62 
Machine_01;10/01/2016 13:17:06; 70 
Machine_02;10/01/2016 13:17:23; 50 
Machine_01;10/01/2016 13:17:23; 71 
Machine_02;10/01/2016 13:17:39; 31 
Machine_01;10/01/2016 13:17:39; 49 
Machine_02;10/01/2016 13:17:56; 64 
Machine_01;10/01/2016 13:17:56; 25 
Machine_02;10/01/2016 13:18:13; 61 
Machine_01;10/01/2016 13:18:13; 71 
Machine_02;10/01/2016 13:18:29; 70 
Machine_01;10/01/2016 13:18:29; 64 
Machine_02;10/01/2016 13:18:45; 67 
Machine_01;10/01/2016 13:18:45; 73 
Machine_02;10/01/2016 13:19:01; 69 
Machine_01;10/01/2016 13:19:01; 29 
Machine_02;10/01/2016 13:19:17; 41 
Machine_01;10/01/2016 13:19:17; 73 
Machine_02;10/01/2016 13:19:33; 39 
Machine_01;10/01/2016 13:19:33; 47 
Machine_02;10/01/2016 13:19:49; 66 
Machine_01;10/01/2016 13:19:49; 64 
Machine_02;10/01/2016 13:20:05; 34 
Machine_01;10/01/2016 13:20:05; 63 
Machine_02;10/01/2016 13:20:21; 51 
Machine_01;10/01/2016 13:20:21; 73 
Machine_02;10/01/2016 13:20:38; 41 
Machine_01;10/01/2016 13:20:38; 27 
Machine_02;10/01/2016 13:20:54; 47 
Machine_01;10/01/2016 13:20:54; 49 
Machine_02;10/01/2016 13:21:10; 32 
Machine_01;10/01/2016 13:21:10; 61 
Machine_02;10/01/2016 13:21:26; 63 
Machine_01;10/01/2016 13:21:26; 37 
Machine_02;10/01/2016 13:21:43; 68 
Machine_01;10/01/2016 13:21:43; 80 
Machine_02;10/01/2016 13:21:59; 55 
Machine_01;10/01/2016 13:21:59; 70 
Machine_02;10/01/2016 13:22:15; 72 
Machine_01;10/01/2016 13:22:15; 62 
Machine_02;10/01/2016 13:22:32; 68 
Machine_01;10/01/2016 13:22:32; 74 
Machine_02;10/01/2016 13:22:48; 38 
Machine_01;10/01/2016 13:22:48; 39 
Machine_02;10/01/2016 13:23:04; 72 
Machine_01;10/01/2016 13:23:04; 64 
Machine_02;10/01/2016 13:23:20; 37 
Machine_01;10/01/2016 13:23:20; 40 
Machine_02;10/01/2016 13:23:36; 27 
Machine_01;10/01/2016 13:23:36; 77 
Machine_02;10/01/2016 13:23:52; 48 
Machine_01;10/01/2016 13:23:52; 79 
Machine_02;10/01/2016 13:24:08; 79 
Machine_01;10/01/2016 13:24:08; 31 
Machine_02;10/01/2016 13:24:24; 80 
Machine_01;10/01/2016 13:24:24; 27 
Machine_02;10/01/2016 13:24:41; 67 
Machine_01;10/01/2016 13:24:41; 57 
Machine_02;10/01/2016 13:24:57; 80 
Machine_01;10/01/2016 13:24:57; 75 
Machine_02;10/01/2016 13:25:13; 30 
Machine_01;10/01/2016 13:25:13; 25 
Machine_02;10/01/2016 13:25:29; 43 
Machine_01;10/01/2016 13:25:29; 53 
Machine_02;10/01/2016 13:25:46; 72 
Machine_01;10/01/2016 13:25:46; 65 
Machine_02;10/01/2016 13:26:02; 34 
Machine_01;10/01/2016 13:26:02; 65 
Machine_02;10/01/2016 13:26:19; 26 
Machine_01;10/01/2016 13:26:19; 65 
Machine_02;10/01/2016 13:26:35; 47 
Machine_01;10/01/2016 13:26:35; 49 
Machine_02;10/01/2016 13:26:52; 79 
Machine_01;10/01/2016 13:26:52; 46 
Machine_02;10/01/2016 13:27:08; 57 
Machine_01;10/01/2016 13:27:08; 54 
Machine_02;10/01/2016 13:27:24; 47 
Machine_01;10/01/2016 13:27:24; 63 
Machine_02;10/01/2016 13:27:41; 44 
Machine_01;10/01/2016 13:27:41; 63 
Machine_02;10/01/2016 13:27:57; 50 
Machine_01;10/01/2016 13:27:57; 57 
Machine_02;10/01/2016 13:28:14; 46 
Machine_01;10/01/2016 13:28:14; 58 
Machine_02;10/01/2016 13:28:30; 44 
Machine_01;10/01/2016 13:28:30; 60 
Machine_02;10/01/2016 13:28:47; 73 
Machine_01;10/01/2016 13:28:47; 37 
Machine_02;10/01/2016 13:29:03; 67 
Machine_01;10/01/2016 13:29:03; 35 
Machine_02;10/01/2016 13:29:20; 61 
Machine_01;10/01/2016 13:29:20; 26 
Machine_02;10/01/2016 13:29:36; 51 
Machine_01;10/01/2016 13:29:36; 66 
Machine_02;10/01/2016 13:29:52; 42 
Machine_01;10/01/2016 13:29:52; 70 
Machine_02;10/01/2016 13:30:08; 75 
Machine_01;10/01/2016 13:30:08; 28 
Machine_02;10/01/2016 13:30:25; 74 
Machine_01;10/01/2016 13:30:25; 46 
Machine_02;10/01/2016 13:30:41; 37 
Machine_01;10/01/2016 13:30:41; 71 
Machine_02;10/01/2016 13:30:58; 32 
Machine_01;10/01/2016 13:30:58; 50 
Machine_02;10/01/2016 13:31:14; 67 
Machine_01;10/01/2016 13:31:14; 57 
Machine_02;10/01/2016 13:31:31; 40 
Machine_01;10/01/2016 13:31:31; 28 
Machine_02;10/01/2016 13:31:47; 33 
Machine_01;10/01/2016 13:31:47; 77 
Machine_02;10/01/2016 13:32:04; 39 
Machine_01;10/01/2016 13:32:04; 51 
Machine_02;10/01/2016 13:32:21; 69 
Machine_01;10/01/2016 13:32:21; 62 
Machine_02;10/01/2016 13:32:37; 37 
Machine_01;10/01/2016 13:32:37; 53 
Machine_02;10/01/2016 13:32:53; 47 
Machine_01;10/01/2016 13:32:53; 58 
Machine_02;10/01/2016 13:33:10; 77 
Machine_01;10/01/2016 13:33:10; 40 
Machine_02;10/01/2016 13:33:26; 79 
Machine_01;10/01/2016 13:33:26; 36 
Machine_02;10/01/2016 13:33:42; 49 
Machine_01;10/01/2016 13:33:42; 62 
Machine_02;10/01/2016 13:33:59; 68 
Machine_01;10/01/2016 13:33:59; 30 
Machine_02;10/01/2016 13:34:15; 62 
Machine_01;10/01/2016 13:34:15; 49 
Machine_02;10/01/2016 13:34:32; 64 
Machine_01;10/01/2016 13:34:32; 75 
Machine_02;10/01/2016 13:34:48; 74 
Machine_01;10/01/2016 13:34:48; 54 
Machine_02;10/01/2016 13:35:05; 64 
Machine_01;10/01/2016 13:35:05; 58 
Machine_02;10/01/2016 13:35:21; 64 
Machine_01;10/01/2016 13:35:21; 47 
Machine_02;10/01/2016 13:35:38; 40 
Machine_01;10/01/2016 13:35:38; 41 
Machine_02;10/01/2016 13:35:54; 30 
Machine_01;10/01/2016 13:35:54; 26 
Machine_02;10/01/2016 13:36:11; 56 
Machine_01;10/01/2016 13:36:11; 35 
Machine_02;10/01/2016 13:36:27; 65 
Machine_01;10/01/2016 13:36:27; 42 
Machine_02;10/01/2016 13:36:44; 46 
Machine_01;10/01/2016 13:36:44; 67 
Machine_02;10/01/2016 13:37:00; 41 
Machine_01;10/01/2016 13:37:00; 27 
Machine_02;10/01/2016 13:37:16; 59 
Machine_01;10/01/2016 13:37:16; 44 
Machine_02;10/01/2016 13:37:33; 77 
Machine_01;10/01/2016 13:37:33; 77 
Machine_02;10/01/2016 13:37:49; 64 
Machine_01;10/01/2016 13:37:49; 77 
Machine_02;10/01/2016 13:38:05; 43 
Machine_01;10/01/2016 13:38:05; 25 
Machine_02;10/01/2016 13:38:22; 35 
Machine_01;10/01/2016 13:38:22; 66 
Machine_02;10/01/2016 13:38:38; 68 
Machine_01;10/01/2016 13:38:38; 31 
Machine_02;10/01/2016 13:38:54; 43 
Machine_01;10/01/2016 13:38:54; 37 
Machine_02;10/01/2016 13:39:11; 76 
Machine_01;10/01/2016 13:39:11; 26 
Machine_02;10/01/2016 13:39:27; 41 
Machine_01;10/01/2016 13:39:27; 49 
Machine_02;10/01/2016 13:39:43; 45 
Machine_01;10/01/2016 13:39:43; 52 
Machine_02;10/01/2016 13:40:00; 68 
Machine_01;10/01/2016 13:40:00; 59 
Machine_02;10/01/2016 13:40:16; 45 
Machine_01;10/01/2016 13:40:16; 49 
Machine_02;10/01/2016 13:40:32; 33 
Machine_01;10/01/2016 13:40:32; 67 
Machine_02;10/01/2016 13:40:49; 76 
Machine_01;10/01/2016 13:40:49; 77 
Machine_02;10/01/2016 13:41:05; 26 
Machine_01;10/01/2016 13:41:05; 49 
Machine_02;10/01/2016 13:41:22; 62 
Machine_01;10/01/2016 13:41:22; 57 
Machine_02;10/01/2016 13:41:38; 57 
Machine_01;10/01/2016 13:41:38; 43 
Machine_02;10/01/2016 13:41:55; 30 
Machine_01;10/01/2016 13:41:55; 55 
Machine_02;10/01/2016 13:42:12; 68 
Machine_01;10/01/2016 13:42:12; 76 
Machine_02;10/01/2016 13:42:28; 45 
Machine_01;10/01/2016 13:42:28; 71 
Machine_02;10/01/2016 13:42:45; 66 
Machine_01;10/01/2016 13:42:45; 36 
Machine_02;10/01/2016 13:43:01; 47 
Machine_01;10/01/2016 13:43:01; 75 
Machine_02;10/01/2016 13:43:17; 33 
Machine_01;10/01/2016 13:43:17; 32 
Machine_02;10/01/2016 13:43:33; 70 
Machine_01;10/01/2016 13:43:33; 79 
Machine_02;10/01/2016 13:43:50; 36 
Machine_01;10/01/2016 13:43:50; 68 
Machine_02;10/01/2016 13:44:06; 46 
Machine_01;10/01/2016 13:44:06; 68 
Machine_02;10/01/2016 13:44:23; 37 
Machine_01;10/01/2016 13:44:23; 52 
Machine_02;10/01/2016 13:44:39; 30 
Machine_01;10/01/2016 13:44:39; 73 
Machine_02;10/01/2016 13:44:55; 28 
Machine_01;10/01/2016 13:44:55; 37 
Machine_02;10/01/2016 13:45:12; 52 
Machine_01;10/01/2016 13:45:12; 57 
Machine_02;10/01/2016 13:45:28; 54 
Machine_01;10/01/2016 13:45:28; 29 
Machine_02;10/01/2016 13:45:44; 27 
Machine_01;10/01/2016 13:45:44; 63 
Machine_02;10/01/2016 13:46:01; 29 
Machine_01;10/01/2016 13:46:01; 52 
Machine_02;10/01/2016 13:46:17; 31 
Machine_01;10/01/2016 13:46:17; 30 
Machine_02;10/01/2016 13:46:34; 76 
Machine_01;10/01/2016 13:46:34; 68 
Machine_02;10/01/2016 13:46:50; 54 
Machine_01;10/01/2016 13:46:50; 30 
Machine_02;10/01/2016 13:47:06; 66 
Machine_01;10/01/2016 13:47:06; 62 
Machine_02;10/01/2016 13:47:23; 63 
Machine_01;10/01/2016 13:47:23; 71 
Machine_02;10/01/2016 13:47:39; 56 
Machine_01;10/01/2016 13:47:39; 37 
Machine_02;10/01/2016 13:47:56; 27 
Machine_01;10/01/2016 13:47:56; 76 
Machine_02;10/01/2016 13:48:12; 49 
Machine_01;10/01/2016 13:48:12; 25 
Machine_02;10/01/2016 13:48:29; 25 
Machine_01;10/01/2016 13:48:29; 77 
Machine_02;10/01/2016 13:48:45; 33 
Machine_01;10/01/2016 13:48:45; 80 
Machine_02;10/01/2016 13:49:02; 74 
Machine_01;10/01/2016 13:49:02; 72 
Machine_02;10/01/2016 13:49:19; 67 
Machine_01;10/01/2016 13:49:19; 38 
Machine_02;10/01/2016 13:49:35; 64 
Machine_01;10/01/2016 13:49:35; 29 
Machine_02;10/01/2016 13:49:52; 57 
Machine_01;10/01/2016 13:49:52; 57 
Machine_02;10/01/2016 13:50:08; 46 
Machine_01;10/01/2016 13:50:08; 40 
Machine_02;10/01/2016 13:50:25; 28 
Machine_01;10/01/2016 13:50:25; 42 
Machine_02;10/01/2016 13:50:41; 32 
Machine_01;10/01/2016 13:50:41; 45 
Machine_02;10/01/2016 13:50:58; 48 
Machine_01;10/01/2016 13:50:58; 75 
Machine_02;10/01/2016 13:51:15; 62 
Machine_01;10/01/2016 13:51:15; 75 
Machine_02;10/01/2016 13:51:31; 52 
Machine_01;10/01/2016 13:51:31; 53 
Machine_02;10/01/2016 13:51:48; 77 
Machine_01;10/01/2016 13:51:48; 38 
Machine_02;10/01/2016 13:52:04; 77 
Machine_01;10/01/2016 13:52:04; 40 
Machine_02;10/01/2016 13:52:20; 51 
Machine_01;10/01/2016 13:52:20; 43 
Machine_02;10/01/2016 13:52:37; 65 
Machine_01;10/01/2016 13:52:37; 69 
Machine_02;10/01/2016 13:52:53; 62 
Machine_01;10/01/2016 13:52:53; 50 
Machine_02;10/01/2016 13:53:09; 59 
Machine_01;10/01/2016 13:53:09; 63 
Machine_02;10/01/2016 13:53:26; 79 
Machine_01;10/01/2016 13:53:26; 59 
Machine_02;10/01/2016 13:53:42; 73 
Machine_01;10/01/2016 13:53:42; 29 
Machine_02;10/01/2016 13:53:58; 71 
Machine_01;10/01/2016 13:53:58; 42 
Machine_02;10/01/2016 13:54:15; 25 
Machine_01;10/01/2016 13:54:15; 44 
Machine_02;10/01/2016 13:54:31; 51 
Machine_01;10/01/2016 13:54:31; 39 
Machine_02;10/01/2016 13:54:48; 36 
Machine_01;10/01/2016 13:54:48; 47 
Machine_02;10/01/2016 13:55:04; 31 
Machine_01;10/01/2016 13:55:04; 72 
Machine_02;10/01/2016 13:55:20; 56 
Machine_01;10/01/2016 13:55:20; 31 
Machine_02;10/01/2016 13:55:37; 29 
Machine_01;10/01/2016 13:55:37; 40 
Machine_02;10/01/2016 13:55:53; 47 
Machine_01;10/01/2016 13:55:53; 31 
Machine_02;10/01/2016 13:56:10; 26 
Machine_01;10/01/2016 13:56:10; 30 
Machine_02;10/01/2016 13:56:27; 77 
Machine_01;10/01/2016 13:56:27; 46 
Machine_02;10/01/2016 13:56:43; 53 
Machine_01;10/01/2016 13:56:43; 33 
Machine_02;10/01/2016 13:57:00; 28 
Machine_01;10/01/2016 13:57:00; 57 
Machine_02;10/01/2016 13:57:16; 76 
Machine_01;10/01/2016 13:57:16; 43 
Machine_02;10/01/2016 13:57:33; 43 
Machine_01;10/01/2016 13:57:33; 54 
Machine_02;10/01/2016 13:57:49; 32 
Machine_01;10/01/2016 13:57:49; 59 
Machine_02;10/01/2016 13:58:06; 71 
Machine_01;10/01/2016 13:58:06; 51 
Machine_02;10/01/2016 13:58:22; 63 
Machine_01;10/01/2016 13:58:22; 52 
Machine_02;10/01/2016 13:58:38; 33 
Machine_01;10/01/2016 13:58:38; 55 
Machine_02;10/01/2016 13:58:55; 44 
Machine_01;10/01/2016 13:58:55; 44 
Machine_02;10/01/2016 13:59:12; 47 
Machine_01;10/01/2016 13:59:12; 68 
Machine_02;10/01/2016 13:59:28; 74 
Machine_01;10/01/2016 13:59:28; 76 
Machine_02;10/01/2016 13:59:44; 46 
Machine_01;10/01/2016 13:59:44; 70 
Machine_02;10/01/2016 14:00:00; 56 
Machine_01;10/01/2016 14:00:00; 64 
Machine_02;10/01/2016 14:00:17; 44 
Machine_01;10/01/2016 14:00:17; 33 
Machine_02;10/01/2016 14:00:33; 46 
Machine_01;10/01/2016 14:00:33; 43 
Machine_02;10/01/2016 14:00:49; 45 
Machine_01;10/01/2016 14:00:49; 44 
Machine_02;10/01/2016 14:01:06; 62 
Machine_01;10/01/2016 14:01:06; 73 
Machine_02;10/01/2016 14:01:22; 72 
Machine_01;10/01/2016 14:01:22; 37 
Machine_02;10/01/2016 14:01:38; 63 
Machine_01;10/01/2016 14:01:38; 52 
Machine_02;10/01/2016 14:01:55; 65 
Machine_01;10/01/2016 14:01:55; 28 
Machine_02;10/01/2016 14:02:11; 54 
Machine_01;10/01/2016 14:02:11; 39 
Machine_02;10/01/2016 14:02:27; 25 
Machine_01;10/01/2016 14:02:27; 76 
Machine_02;10/01/2016 14:02:43; 52 
Machine_01;10/01/2016 14:02:43; 34 
Machine_02;10/01/2016 14:02:59; 62 
Machine_01;10/01/2016 14:02:59; 66 
Machine_02;10/01/2016 14:03:16; 51 
Machine_01;10/01/2016 14:03:16; 73 
Machine_02;10/01/2016 14:03:32; 45 
Machine_01;10/01/2016 14:03:32; 56 
Machine_02;10/01/2016 14:03:48; 38 
Machine_01;10/01/2016 14:03:48; 40 
Machine_02;10/01/2016 14:04:04; 25 
Machine_01;10/01/2016 14:04:04; 68 
Machine_02;10/01/2016 14:04:20; 62 
Machine_01;10/01/2016 14:04:20; 37 
Machine_02;10/01/2016 14:04:37; 34 
Machine_01;10/01/2016 14:04:37; 29 
Machine_02;10/01/2016 14:04:53; 36 
Machine_01;10/01/2016 14:04:53; 58 
Machine_02;10/01/2016 14:05:09; 59 
Machine_01;10/01/2016 14:05:09; 32 
Machine_02;10/01/2016 14:05:26; 44 
Machine_01;10/01/2016 14:05:26; 75 
Machine_02;10/01/2016 14:05:42; 35 
Machine_01;10/01/2016 14:05:42; 72 
Machine_02;10/01/2016 14:05:58; 47 
Machine_01;10/01/2016 14:05:58; 65 
Machine_02;10/01/2016 14:06:15; 66 
Machine_01;10/01/2016 14:06:15; 42 
Machine_02;10/01/2016 14:06:31; 69 
Machine_01;10/01/2016 14:06:31; 31 
Machine_02;10/01/2016 14:06:47; 55 
Machine_01;10/01/2016 14:06:47; 72 
Machine_02;10/01/2016 14:07:03; 71 
Machine_01;10/01/2016 14:07:03; 66 
Machine_02;10/01/2016 14:07:19; 42 
Machine_01;10/01/2016 14:07:19; 32 
Machine_02;10/01/2016 14:07:35; 68 
Machine_01;10/01/2016 14:07:35; 78 
Machine_02;10/01/2016 14:07:52; 51 
Machine_01;10/01/2016 14:07:52; 73 
Machine_02;10/01/2016 14:08:08; 51 
Machine_01;10/01/2016 14:08:08; 56 
Machine_02;10/01/2016 14:08:24; 44 
Machine_01;10/01/2016 14:08:24; 57 
Machine_02;10/01/2016 14:08:41; 64 
Machine_01;10/01/2016 14:08:41; 52 
Machine_02;10/01/2016 14:08:57; 79 
Machine_01;10/01/2016 14:08:57; 77 
Machine_02;10/01/2016 14:09:14; 71 
Machine_01;10/01/2016 14:09:14; 54 
Machine_02;10/01/2016 14:09:30; 77 
Machine_01;10/01/2016 14:09:30; 41 
Machine_02;10/01/2016 14:09:47; 34 
Machine_01;10/01/2016 14:09:47; 28 
Machine_02;10/01/2016 14:10:03; 55 
Machine_01;10/01/2016 14:10:03; 43 
Machine_02;10/01/2016 14:10:20; 36 
Machine_01;10/01/2016 14:10:20; 48 
Machine_02;10/01/2016 14:10:36; 75 
Machine_01;10/01/2016 14:10:36; 71 
Machine_02;10/01/2016 14:10:52; 43 
Machine_01;10/01/2016 14:10:52; 72 
Machine_02;10/01/2016 14:11:09; 40 
Machine_01;10/01/2016 14:11:09; 47 
Machine_02;10/01/2016 14:11:25; 40 
Machine_01;10/01/2016 14:11:25; 53 
Machine_02;10/01/2016 14:11:41; 38 
Machine_01;10/01/2016 14:11:41; 33 
Machine_02;10/01/2016 14:11:57; 64 
Machine_01;10/01/2016 14:11:57; 29 
Machine_02;10/01/2016 14:12:13; 36 
Machine_01;10/01/2016 14:12:13; 62 
Machine_02;10/01/2016 14:12:30; 46 
Machine_01;10/01/2016 14:12:30; 77 
Machine_02;10/01/2016 14:12:46; 46 
Machine_01;10/01/2016 14:12:46; 62 
Machine_02;10/01/2016 14:13:02; 68 
Machine_01;10/01/2016 14:13:02; 26 
Machine_02;10/01/2016 14:13:19; 58 
Machine_01;10/01/2016 14:13:19; 59 
Machine_02;10/01/2016 14:13:35; 79 
Machine_01;10/01/2016 14:13:35; 79 
Machine_02;10/01/2016 14:13:51; 39 
Machine_01;10/01/2016 14:13:51; 30 
Machine_02;10/01/2016 14:14:08; 76 
Machine_01;10/01/2016 14:14:08; 41 
Machine_02;10/01/2016 14:14:24; 42 
Machine_01;10/01/2016 14:14:24; 63 
Machine_02;10/01/2016 14:14:40; 55 
Machine_01;10/01/2016 14:14:40; 47 
Machine_02;10/01/2016 14:14:56; 76 
Machine_01;10/01/2016 14:14:56; 42 
Machine_02;10/01/2016 14:15:13; 27 
Machine_01;10/01/2016 14:15:13; 56 
Machine_02;10/01/2016 14:15:29; 44 
Machine_01;10/01/2016 14:15:29; 70 
Machine_02;10/01/2016 14:15:45; 40 
Machine_01;10/01/2016 14:15:45; 42 
Machine_02;10/01/2016 14:16:01; 47 
Machine_01;10/01/2016 14:16:01; 70 
Machine_02;10/01/2016 14:16:18; 57 
Machine_01;10/01/2016 14:16:18; 46 
Machine_02;10/01/2016 14:16:34; 37 
Machine_01;10/01/2016 14:16:34; 29 
Machine_02;10/01/2016 14:16:51; 53 
Machine_01;10/01/2016 14:16:51; 75 
Machine_02;10/01/2016 14:17:08; 34 
Machine_01;10/01/2016 14:17:08; 50 
Machine_02;10/01/2016 14:17:24; 77 
Machine_01;10/01/2016 14:17:24; 45 
Machine_02;10/01/2016 14:17:40; 39 
Machine_01;10/01/2016 14:17:40; 43 
Machine_02;10/01/2016 14:17:57; 45 
Machine_01;10/01/2016 14:17:57; 45 
Machine_02;10/01/2016 14:18:13; 28 
Machine_01;10/01/2016 14:18:13; 80 
Machine_02;10/01/2016 14:18:29; 75 
Machine_01;10/01/2016 14:18:29; 26 
Machine_02;10/01/2016 14:18:46; 67 
Machine_01;10/01/2016 14:18:46; 25 
Machine_02;10/01/2016 14:19:02; 80 
Machine_01;10/01/2016 14:19:02; 28 
Machine_02;10/01/2016 14:19:19; 66 
Machine_01;10/01/2016 14:19:19; 73 
Machine_02;10/01/2016 14:19:35; 62 
Machine_01;10/01/2016 14:19:35; 52 
Machine_02;10/01/2016 14:19:51; 47 
Machine_01;10/01/2016 14:19:51; 44 
Machine_02;10/01/2016 14:20:07; 48 
Machine_01;10/01/2016 14:20:07; 47 
Machine_02;10/01/2016 14:20:24; 77 
Machine_01;10/01/2016 14:20:24; 79 
Machine_02;10/01/2016 14:20:40; 73 
Machine_01;10/01/2016 14:20:40; 62 
Machine_02;10/01/2016 14:20:56; 59 
Machine_01;10/01/2016 14:20:56; 49 
Machine_02;10/01/2016 14:21:12; 72 
Machine_01;10/01/2016 14:21:12; 50 
Machine_02;10/01/2016 14:21:29; 28 
Machine_01;10/01/2016 14:21:29; 48 
Machine_02;10/01/2016 14:21:45; 49 
Machine_01;10/01/2016 14:21:45; 25 
Machine_02;10/01/2016 14:22:01; 67 
Machine_01;10/01/2016 14:22:01; 69 
Machine_02;10/01/2016 14:22:17; 76 
Machine_01;10/01/2016 14:22:17; 26 
Machine_02;10/01/2016 14:22:33; 29 
Machine_01;10/01/2016 14:22:33; 72 
Machine_02;10/01/2016 14:22:49; 32 
Machine_01;10/01/2016 14:22:49; 62 
Machine_02;10/01/2016 14:23:05; 28 
Machine_01;10/01/2016 14:23:05; 27 
Machine_02;10/01/2016 14:23:22; 48 
Machine_01;10/01/2016 14:23:22; 51 
Machine_02;10/01/2016 14:23:38; 73 
Machine_01;10/01/2016 14:23:38; 31 
Machine_02;10/01/2016 14:23:54; 25 
Machine_01;10/01/2016 14:23:54; 69 
Machine_02;10/01/2016 14:24:10; 50 
Machine_01;10/01/2016 14:24:10; 51 
Machine_02;10/01/2016 14:24:26; 48 
Machine_01;10/01/2016 14:24:26; 52 
Machine_02;10/01/2016 14:24:42; 59 
Machine_01;10/01/2016 14:24:42; 38 
Machine_02;10/01/2016 14:24:59; 54 
Machine_01;10/01/2016 14:24:59; 50 
Machine_02;10/01/2016 14:25:15; 80 
Machine_01;10/01/2016 14:25:15; 74 
Machine_02;10/01/2016 14:25:31; 36 
Machine_01;10/01/2016 14:25:31; 76 
Machine_02;10/01/2016 14:25:47; 68 
Machine_01;10/01/2016 14:25:47; 39 
Machine_02;10/01/2016 14:26:03; 79 
Machine_01;10/01/2016 14:26:03; 42 
Machine_02;10/01/2016 14:26:19; 39 
Machine_01;10/01/2016 14:26:19; 78 
Machine_02;10/01/2016 14:26:36; 30 
Machine_01;10/01/2016 14:26:36; 39 
Machine_02;10/01/2016 14:26:52; 28 
Machine_01;10/01/2016 14:26:52; 74 
Machine_02;10/01/2016 14:27:09; 78 
Machine_01;10/01/2016 14:27:09; 56 
Machine_02;10/01/2016 14:27:25; 74 
Machine_01;10/01/2016 14:27:25; 47 
Machine_02;10/01/2016 14:27:41; 60 
Machine_01;10/01/2016 14:27:41; 49 
Machine_02;10/01/2016 14:27:58; 26 
Machine_01;10/01/2016 14:27:58; 64 
Machine_02;10/01/2016 14:28:14; 51 
Machine_01;10/01/2016 14:28:14; 68 
Machine_02;10/01/2016 14:28:30; 39 
Machine_01;10/01/2016 14:28:30; 68 
Machine_02;10/01/2016 14:28:46; 72 
Machine_01;10/01/2016 14:28:46; 38 
Machine_02;10/01/2016 14:29:02; 59 
Machine_01;10/01/2016 14:29:02; 54 
Machine_02;10/01/2016 14:29:18; 32 
Machine_01;10/01/2016 14:29:18; 69 
Machine_02;10/01/2016 14:29:35; 30 
Machine_01;10/01/2016 14:29:35; 59 
Machine_02;10/01/2016 14:29:51; 31 
Machine_01;10/01/2016 14:29:51; 54 
Machine_02;10/01/2016 14:30:08; 58 
Machine_01;10/01/2016 14:30:08; 55 
Machine_02;10/01/2016 14:30:24; 51 
Machine_01;10/01/2016 14:30:24; 57 
Machine_02;10/01/2016 14:30:41; 33 
Machine_01;10/01/2016 14:30:41; 53 
Machine_02;10/01/2016 14:30:57; 38 
Machine_01;10/01/2016 14:30:57; 61 
Machine_02;10/01/2016 14:31:14; 78 
Machine_01;10/01/2016 14:31:14; 69 
Machine_02;10/01/2016 14:31:30; 60 
Machine_01;10/01/2016 14:31:30; 74 
Machine_02;10/01/2016 14:31:47; 69 
Machine_01;10/01/2016 14:31:47; 43 
Machine_02;10/01/2016 14:32:03; 30 
Machine_01;10/01/2016 14:32:03; 32 
Machine_02;10/01/2016 14:32:20; 38 
Machine_01;10/01/2016 14:32:20; 32 
Machine_02;10/01/2016 14:32:37; 76 
Machine_01;10/01/2016 14:32:37; 38 
Machine_02;10/01/2016 14:32:53; 66 
Machine_01;10/01/2016 14:32:53; 56 
Machine_02;10/01/2016 14:33:09; 67 
Machine_01;10/01/2016 14:33:09; 52 
Machine_02;10/01/2016 14:33:26; 43 
Machine_01;10/01/2016 14:33:26; 41 
Machine_02;10/01/2016 14:33:42; 27 
Machine_01;10/01/2016 14:33:42; 57 
Machine_02;10/01/2016 14:33:58; 30 
Machine_01;10/01/2016 14:33:58; 68 
Machine_02;10/01/2016 14:34:15; 39 
Machine_01;10/01/2016 14:34:15; 29 
Machine_02;10/01/2016 14:34:31; 53 
Machine_01;10/01/2016 14:34:31; 48 
Machine_02;10/01/2016 14:34:48; 37 
Machine_01;10/01/2016 14:34:48; 65 
Machine_02;10/01/2016 14:35:04; 30 
Machine_01;10/01/2016 14:35:04; 29 
Machine_02;10/01/2016 14:35:21; 80 
Machine_01;10/01/2016 14:35:21; 54 
Machine_02;10/01/2016 14:35:37; 73 
Machine_01;10/01/2016 14:35:37; 52 
Machine_02;10/01/2016 14:35:54; 28 
Machine_01;10/01/2016 14:35:54; 31 
Machine_02;10/01/2016 14:36:10; 71 
Machine_01;10/01/2016 14:36:10; 63 
Machine_02;10/01/2016 14:36:27; 30 
Machine_01;10/01/2016 14:36:27; 59 
Machine_02;10/01/2016 14:36:43; 49 
Machine_01;10/01/2016 14:36:43; 72 
Machine_02;10/01/2016 14:37:00; 44 
Machine_01;10/01/2016 14:37:00; 78 
Machine_02;10/01/2016 14:37:17; 60 
Machine_01;10/01/2016 14:37:17; 67 
Machine_02;10/01/2016 14:37:33; 44 
Machine_01;10/01/2016 14:37:33; 75 
Machine_02;10/01/2016 14:37:49; 56 
Machine_01;10/01/2016 14:37:49; 76 
Machine_02;10/01/2016 14:38:05; 65 
Machine_01;10/01/2016 14:38:05; 25 
Machine_02;10/01/2016 14:38:22; 41 
Machine_01;10/01/2016 14:38:22; 30 
Machine_02;10/01/2016 14:38:38; 76 
Machine_01;10/01/2016 14:38:38; 39 
Machine_02;10/01/2016 14:38:54; 27 
Machine_01;10/01/2016 14:38:54; 56 
Machine_02;10/01/2016 14:39:11; 52 
Machine_01;10/01/2016 14:39:11; 36 
Machine_02;10/01/2016 14:39:27; 41 
Machine_01;10/01/2016 14:39:27; 73 
Machine_02;10/01/2016 14:39:44; 46 
Machine_01;10/01/2016 14:39:44; 29 
Machine_02;10/01/2016 14:40:00; 69 
Machine_01;10/01/2016 14:40:00; 70 
Machine_02;10/01/2016 14:40:17; 42 
Machine_01;10/01/2016 14:40:17; 39 
Machine_02;10/01/2016 14:40:33; 80 
Machine_01;10/01/2016 14:40:33; 80 
Machine_02;10/01/2016 14:40:50; 36 
Machine_01;10/01/2016 14:40:50; 44 
Machine_02;10/01/2016 14:41:06; 65 
Machine_01;10/01/2016 14:41:06; 49 
Machine_02;10/01/2016 14:41:23; 34 
Machine_01;10/01/2016 14:41:23; 54 
Machine_02;10/01/2016 14:41:39; 30 
Machine_01;10/01/2016 14:41:39; 42 
Machine_02;10/01/2016 14:41:56; 30 
Machine_01;10/01/2016 14:41:56; 58 
Machine_02;10/01/2016 14:42:12; 47 
Machine_01;10/01/2016 14:42:12; 76 
Machine_02;10/01/2016 14:42:29; 52 
Machine_01;10/01/2016 14:42:29; 57 
Machine_02;10/01/2016 14:42:45; 73 
Machine_01;10/01/2016 14:42:45; 72 
Machine_02;10/01/2016 14:43:01; 50 
Machine_01;10/01/2016 14:43:01; 70 
Machine_02;10/01/2016 14:43:18; 71 
Machine_01;10/01/2016 14:43:18; 25 
Machine_02;10/01/2016 14:43:34; 50 
Machine_01;10/01/2016 14:43:34; 78 
Machine_02;10/01/2016 14:43:50; 63 
Machine_01;10/01/2016 14:43:50; 71 
Machine_02;10/01/2016 14:44:07; 58 
Machine_01;10/01/2016 14:44:07; 41 
Machine_02;10/01/2016 14:44:23; 60 
Machine_01;10/01/2016 14:44:23; 65 
Machine_02;10/01/2016 14:44:40; 65 
Machine_01;10/01/2016 14:44:40; 45 
Machine_02;10/01/2016 14:44:56; 26 
Machine_01;10/01/2016 14:44:56; 56 
Machine_02;10/01/2016 14:45:13; 70 
Machine_01;10/01/2016 14:45:13; 58 
Machine_02;10/01/2016 14:45:29; 42 
Machine_01;10/01/2016 14:45:29; 64 
Machine_02;10/01/2016 14:45:45; 73 
Machine_01;10/01/2016 14:45:45; 57 
Machine_02;10/01/2016 14:46:01; 58 
Machine_01;10/01/2016 14:46:01; 39 
Machine_02;10/01/2016 14:46:18; 52 
Machine_01;10/01/2016 14:46:18; 42 
Machine_02;10/01/2016 14:46:34; 76 
Machine_01;10/01/2016 14:46:34; 63 
Machine_02;10/01/2016 14:46:51; 34 
Machine_01;10/01/2016 14:46:51; 66 
Machine_02;10/01/2016 14:47:07; 32 
Machine_01;10/01/2016 14:47:07; 37 
Machine_02;10/01/2016 14:47:24; 40 
Machine_01;10/01/2016 14:47:24; 32 
Machine_02;10/01/2016 14:47:40; 61 
Machine_01;10/01/2016 14:47:40; 45 
Machine_02;10/01/2016 14:47:57; 49 
Machine_01;10/01/2016 14:47:57; 48 
Machine_02;10/01/2016 14:48:13; 31 
Machine_01;10/01/2016 14:48:13; 52 
Machine_02;10/01/2016 14:48:29; 53 
Machine_01;10/01/2016 14:48:29; 69 
Machine_02;10/01/2016 14:48:46; 64 
Machine_01;10/01/2016 14:48:46; 64 
Machine_02;10/01/2016 14:49:02; 29 
Machine_01;10/01/2016 14:49:02; 39 
Machine_02;10/01/2016 14:49:18; 28 
Machine_01;10/01/2016 14:49:18; 73 
Machine_02;10/01/2016 14:49:35; 26 
Machine_01;10/01/2016 14:49:35; 32 
Machine_02;10/01/2016 14:49:51; 38 
Machine_01;10/01/2016 14:49:51; 50 
Machine_02;10/01/2016 14:50:08; 48 
Machine_01;10/01/2016 14:50:08; 51 
Machine_02;10/01/2016 14:50:25; 54 
Machine_01;10/01/2016 14:50:25; 50 
Machine_02;10/01/2016 14:50:41; 58 
Machine_01;10/01/2016 14:50:41; 80 
Machine_02;10/01/2016 14:50:58; 52 
Machine_01;10/01/2016 14:50:58; 66 
Machine_02;10/01/2016 14:51:14; 69 
Machine_01;10/01/2016 14:51:14; 62 
Machine_02;10/01/2016 14:51:30; 79 
Machine_01;10/01/2016 14:51:30; 59 
Machine_02;10/01/2016 14:51:47; 27 
Machine_01;10/01/2016 14:51:47; 32 
Machine_02;10/01/2016 14:52:03; 61 
Machine_01;10/01/2016 14:52:03; 78 
Machine_02;10/01/2016 14:52:19; 59 
Machine_01;10/01/2016 14:52:19; 31 
Machine_02;10/01/2016 14:52:36; 68 
Machine_01;10/01/2016 14:52:36; 31 
Machine_02;10/01/2016 14:52:52; 46 
Machine_01;10/01/2016 14:52:52; 69 
Machine_02;10/01/2016 14:53:09; 75 
Machine_01;10/01/2016 14:53:09; 50 
Machine_02;10/01/2016 14:53:25; 31 
Machine_01;10/01/2016 14:53:25; 52 
Machine_02;10/01/2016 14:53:42; 49 
Machine_01;10/01/2016 14:53:42; 29 
Machine_02;10/01/2016 14:53:58; 65 
Machine_01;10/01/2016 14:53:58; 42 
Machine_02;10/01/2016 14:54:15; 59 
Machine_01;10/01/2016 14:54:15; 67 
Machine_02;10/01/2016 14:54:32; 77 
Machine_01;10/01/2016 14:54:32; 68 
Machine_02;10/01/2016 14:54:48; 45 
Machine_01;10/01/2016 14:54:48; 57 
Machine_02;10/01/2016 14:55:05; 42 
Machine_01;10/01/2016 14:55:05; 61 
Machine_02;10/01/2016 14:55:21; 71 
Machine_01;10/01/2016 14:55:21; 49 
Machine_02;10/01/2016 14:55:37; 51 
Machine_01;10/01/2016 14:55:37; 79 
Machine_02;10/01/2016 19:31:07; 35 
Machine_01;10/01/2016 19:31:07; 37 
Machine_02;10/01/2016 19:31:24; 64 
Machine_01;10/01/2016 19:31:24; 66 
Machine_02;10/01/2016 19:31:41; 32 
Machine_01;10/01/2016 19:31:41; 50 
Machine_02;10/01/2016 19:31:57; 53 
Machine_01;10/01/2016 19:31:57; 34 
Machine_02;10/01/2016 19:32:14; 55 
Machine_01;10/01/2016 19:32:14; 59 
Machine_02;10/01/2016 19:32:30; 33 
Machine_01;10/01/2016 19:32:30; 60 
Machine_02;10/01/2016 19:32:47; 32 
Machine_01;10/01/2016 19:32:47; 31 
Machine_02;10/01/2016 19:33:03; 41 
Machine_01;10/01/2016 19:33:03; 49 
Machine_02;10/01/2016 19:33:19; 47 
Machine_01;10/01/2016 19:33:19; 72 
Machine_02;10/01/2016 19:33:36; 28 
Machine_01;10/01/2016 19:33:36; 53 
Machine_02;10/01/2016 19:33:52; 34 
Machine_01;10/01/2016 19:33:52; 80 
Machine_02;10/01/2016 19:34:08; 45 
Machine_01;10/01/2016 19:34:08; 56 
Machine_02;10/01/2016 19:34:25; 43 
Machine_01;10/01/2016 19:34:25; 69 
Machine_02;10/01/2016 19:34:41; 30 
Machine_01;10/01/2016 19:34:41; 35 
Machine_02;10/01/2016 19:34:57; 70 
Machine_01;10/01/2016 19:34:57; 80 
Machine_02;10/01/2016 19:35:14; 34 
Machine_01;10/01/2016 19:35:14; 51 
Machine_02;10/01/2016 19:35:30; 68 
Machine_01;10/01/2016 19:35:30; 59 
Machine_02;10/01/2016 19:35:47; 47 