Machine;Timestamp; Availability 
Machine_02;10/01/2016 05:32:16; 63 
Machine_01;10/01/2016 05:32:16; 69 
Machine_02;10/01/2016 05:32:32; 63 
Machine_01;10/01/2016 05:32:32; 45 
Machine_02;10/01/2016 05:32:48; 74 
Machine_01;10/01/2016 05:32:48; 66 
Machine_02;10/01/2016 05:33:04; 46 
Machine_01;10/01/2016 05:33:04; 68 
Machine_02;10/01/2016 05:33:20; 63 
Machine_01;10/01/2016 05:33:20; 71 
Machine_02;10/01/2016 05:33:36; 55 
Machine_01;10/01/2016 05:33:36; 51 
Machine_02;10/01/2016 05:33:53; 75 
Machine_01;10/01/2016 05:33:53; 46 
Machine_02;10/01/2016 05:34:09; 60 
Machine_01;10/01/2016 05:34:09; 54 
Machine_02;10/01/2016 05:34:25; 52 
Machine_01;10/01/2016 05:34:25; 68 
Machine_02;10/01/2016 05:34:42; 63 
Machine_01;10/01/2016 05:34:42; 75 
Machine_02;10/01/2016 05:34:58; 59 
Machine_01;10/01/2016 05:34:58; 47 
Machine_02;10/01/2016 05:35:14; 52 
Machine_01;10/01/2016 05:35:14; 60 
Machine_02;10/01/2016 05:35:31; 68 
Machine_01;10/01/2016 05:35:31; 63 
Machine_02;10/01/2016 05:35:47; 74 
Machine_01;10/01/2016 05:35:47; 52 
Machine_02;10/01/2016 05:36:03; 47 
Machine_01;10/01/2016 05:36:03; 68 
Machine_02;10/01/2016 05:36:20; 61 
Machine_01;10/01/2016 05:36:20; 73 
Machine_02;10/01/2016 05:36:36; 67 
Machine_01;10/01/2016 05:36:36; 58 
Machine_02;10/01/2016 05:36:52; 73 
Machine_01;10/01/2016 05:36:52; 69 
Machine_02;10/01/2016 05:37:09; 54 
Machine_01;10/01/2016 05:37:09; 75 
Machine_02;10/01/2016 05:37:25; 66 
Machine_01;10/01/2016 05:37:25; 75 
Machine_02;10/01/2016 05:37:41; 57 
Machine_01;10/01/2016 05:37:41; 63 
Machine_02;10/01/2016 05:37:57; 51 
Machine_01;10/01/2016 05:37:57; 46 
Machine_02;10/01/2016 05:38:14; 68 
Machine_01;10/01/2016 05:38:14; 54 
Machine_02;10/01/2016 05:38:30; 49 
Machine_01;10/01/2016 05:38:30; 67 
Machine_02;10/01/2016 05:38:46; 65 
Machine_01;10/01/2016 05:38:46; 46 
Machine_02;10/01/2016 05:39:03; 49 
Machine_01;10/01/2016 05:39:03; 63 
Machine_02;10/01/2016 05:39:19; 66 
Machine_01;10/01/2016 05:39:19; 45 
Machine_02;10/01/2016 05:39:35; 60 
Machine_01;10/01/2016 05:39:35; 58 
Machine_02;10/01/2016 05:39:51; 45 
Machine_01;10/01/2016 05:39:51; 68 
Machine_02;10/01/2016 05:40:07; 56 
Machine_01;10/01/2016 05:40:07; 69 
Machine_02;10/01/2016 05:40:23; 56 
Machine_01;10/01/2016 05:40:23; 50 
Machine_02;10/01/2016 05:40:40; 70 
Machine_01;10/01/2016 05:40:40; 59 
Machine_02;10/01/2016 05:40:56; 45 
Machine_01;10/01/2016 05:40:56; 70 
Machine_02;10/01/2016 05:41:12; 72 
Machine_01;10/01/2016 05:41:12; 73 
Machine_02;10/01/2016 05:41:28; 57 
Machine_01;10/01/2016 05:41:28; 46 
Machine_02;10/01/2016 05:41:45; 53 
Machine_01;10/01/2016 05:41:45; 75 
Machine_02;10/01/2016 05:42:01; 65 
Machine_01;10/01/2016 05:42:01; 66 
Machine_02;10/01/2016 05:42:17; 70 
Machine_01;10/01/2016 05:42:17; 52 
Machine_02;10/01/2016 05:42:33; 74 
Machine_01;10/01/2016 05:42:33; 60 
Machine_02;10/01/2016 05:42:50; 54 
Machine_01;10/01/2016 05:42:50; 72 
Machine_02;10/01/2016 05:43:06; 74 
Machine_01;10/01/2016 05:43:06; 49 
Machine_02;10/01/2016 05:43:22; 51 
Machine_01;10/01/2016 05:43:22; 49 
Machine_02;10/01/2016 05:43:38; 74 
Machine_01;10/01/2016 05:43:38; 49 
Machine_02;10/01/2016 05:43:54; 46 
Machine_01;10/01/2016 05:43:54; 51 
Machine_02;10/01/2016 05:44:10; 71 
Machine_01;10/01/2016 05:44:10; 64 
Machine_02;10/01/2016 05:44:26; 45 
Machine_01;10/01/2016 05:44:26; 52 
Machine_02;10/01/2016 05:44:42; 64 
Machine_01;10/01/2016 05:44:42; 58 
Machine_02;10/01/2016 05:44:58; 64 
Machine_01;10/01/2016 05:44:58; 50 
Machine_02;10/01/2016 05:45:14; 71 
Machine_01;10/01/2016 05:45:14; 53 
Machine_02;10/01/2016 05:45:31; 70 
Machine_01;10/01/2016 05:45:31; 58 
Machine_02;10/01/2016 05:45:47; 56 
Machine_01;10/01/2016 05:45:47; 58 
Machine_02;10/01/2016 05:46:03; 71 
Machine_01;10/01/2016 05:46:03; 52 
Machine_02;10/01/2016 05:46:19; 48 
Machine_01;10/01/2016 05:46:19; 62 
Machine_02;10/01/2016 05:46:35; 74 
Machine_01;10/01/2016 05:46:35; 65 
Machine_02;10/01/2016 05:46:52; 70 
Machine_01;10/01/2016 05:46:52; 64 
Machine_02;10/01/2016 05:47:08; 55 
Machine_01;10/01/2016 05:47:08; 73 
Machine_02;10/01/2016 05:47:24; 71 
Machine_01;10/01/2016 05:47:24; 56 
Machine_02;10/01/2016 05:47:40; 74 
Machine_01;10/01/2016 05:47:40; 55 
Machine_02;10/01/2016 05:47:57; 63 
Machine_01;10/01/2016 05:47:57; 67 
Machine_02;10/01/2016 05:48:13; 73 
Machine_01;10/01/2016 05:48:13; 45 
Machine_02;10/01/2016 05:48:29; 46 
Machine_01;10/01/2016 05:48:29; 64 
Machine_02;10/01/2016 05:48:45; 57 
Machine_01;10/01/2016 05:48:45; 65 
Machine_02;10/01/2016 05:49:01; 60 
Machine_01;10/01/2016 05:49:01; 68 
Machine_02;10/01/2016 05:49:17; 62 
Machine_01;10/01/2016 05:49:17; 48 
Machine_02;10/01/2016 05:49:34; 57 
Machine_01;10/01/2016 05:49:34; 55 
Machine_02;10/01/2016 05:49:50; 58 
Machine_01;10/01/2016 05:49:50; 66 
Machine_02;10/01/2016 05:50:06; 75 
Machine_01;10/01/2016 05:50:06; 64 
Machine_02;10/01/2016 05:50:22; 63 
Machine_01;10/01/2016 05:50:22; 59 
Machine_02;10/01/2016 05:50:38; 49 
Machine_01;10/01/2016 05:50:38; 56 
Machine_02;10/01/2016 05:50:54; 72 
Machine_01;10/01/2016 05:50:54; 50 
Machine_02;10/01/2016 05:51:10; 52 
Machine_01;10/01/2016 05:51:10; 46 
Machine_02;10/01/2016 05:51:27; 51 
Machine_01;10/01/2016 05:51:27; 68 
Machine_02;10/01/2016 05:51:43; 69 
Machine_01;10/01/2016 05:51:43; 66 
Machine_02;10/01/2016 05:51:59; 45 
Machine_01;10/01/2016 05:51:59; 70 
Machine_02;10/01/2016 05:52:15; 69 
Machine_01;10/01/2016 05:52:15; 45 
Machine_02;10/01/2016 05:52:32; 46 
Machine_01;10/01/2016 05:52:32; 74 
Machine_02;10/01/2016 05:52:48; 74 
Machine_01;10/01/2016 05:52:48; 52 
Machine_02;10/01/2016 05:53:04; 62 
Machine_01;10/01/2016 05:53:04; 60 
Machine_02;10/01/2016 05:53:20; 47 
Machine_01;10/01/2016 05:53:20; 73 
Machine_02;10/01/2016 05:53:36; 71 
Machine_01;10/01/2016 05:53:36; 66 
Machine_02;10/01/2016 05:53:52; 74 
Machine_01;10/01/2016 05:53:52; 55 
Machine_02;10/01/2016 05:54:08; 49 
Machine_01;10/01/2016 05:54:08; 55 
Machine_02;10/01/2016 05:54:24; 46 
Machine_01;10/01/2016 05:54:24; 46 
Machine_02;10/01/2016 05:54:40; 63 
Machine_01;10/01/2016 05:54:40; 49 
Machine_02;10/01/2016 05:54:56; 51 
Machine_01;10/01/2016 05:54:56; 71 
Machine_02;10/01/2016 05:55:12; 64 
Machine_01;10/01/2016 05:55:12; 60 
Machine_02;10/01/2016 05:55:29; 68 
Machine_01;10/01/2016 05:55:29; 53 
Machine_02;10/01/2016 05:55:45; 55 
Machine_01;10/01/2016 05:55:45; 73 
Machine_02;10/01/2016 05:56:01; 69 
Machine_01;10/01/2016 05:56:01; 70 
Machine_02;10/01/2016 05:56:17; 54 
Machine_01;10/01/2016 05:56:17; 73 
Machine_02;10/01/2016 05:56:34; 70 
Machine_01;10/01/2016 05:56:34; 50 
Machine_02;10/01/2016 05:56:50; 59 
Machine_01;10/01/2016 05:56:50; 46 
Machine_02;10/01/2016 05:57:06; 54 
Machine_01;10/01/2016 05:57:06; 56 
Machine_02;10/01/2016 05:57:23; 54 
Machine_01;10/01/2016 05:57:23; 48 
Machine_02;10/01/2016 05:57:39; 49 
Machine_01;10/01/2016 05:57:39; 45 
Machine_02;10/01/2016 05:57:55; 54 
Machine_01;10/01/2016 05:57:55; 70 
Machine_02;10/01/2016 05:58:11; 47 
Machine_01;10/01/2016 05:58:11; 66 
Machine_02;10/01/2016 05:58:27; 56 
Machine_01;10/01/2016 05:58:27; 47 
Machine_02;10/01/2016 05:58:43; 59 
Machine_01;10/01/2016 05:58:43; 56 
Machine_02;10/01/2016 05:58:59; 62 
Machine_01;10/01/2016 05:58:59; 51 
Machine_02;10/01/2016 05:59:15; 64 
Machine_01;10/01/2016 05:59:15; 68 
Machine_02;10/01/2016 05:59:32; 45 
Machine_01;10/01/2016 05:59:32; 64 
Machine_02;10/01/2016 05:59:48; 51 
Machine_01;10/01/2016 05:59:48; 55 
Machine_02;10/01/2016 06:00:04; 61 
Machine_01;10/01/2016 06:00:04; 58 
Machine_02;10/01/2016 06:00:20; 52 
Machine_01;10/01/2016 06:00:20; 65 
Machine_02;10/01/2016 06:00:36; 57 
Machine_01;10/01/2016 06:00:36; 47 
Machine_02;10/01/2016 06:00:52; 49 
Machine_01;10/01/2016 06:00:52; 60 
Machine_02;10/01/2016 06:01:09; 61 
Machine_01;10/01/2016 06:01:09; 73 
Machine_02;10/01/2016 06:01:25; 71 
Machine_01;10/01/2016 06:01:25; 57 
Machine_02;10/01/2016 06:01:41; 56 
Machine_01;10/01/2016 06:01:41; 50 
Machine_02;10/01/2016 06:01:58; 68 
Machine_01;10/01/2016 06:01:58; 47 
Machine_02;10/01/2016 06:02:14; 57 
Machine_01;10/01/2016 06:02:14; 72 
Machine_02;10/01/2016 06:02:30; 46 
Machine_01;10/01/2016 06:02:30; 60 
Machine_02;10/01/2016 06:02:46; 51 
Machine_01;10/01/2016 06:02:46; 69 
Machine_02;10/01/2016 06:03:03; 74 
Machine_01;10/01/2016 06:03:03; 68 
Machine_02;10/01/2016 06:03:19; 48 
Machine_01;10/01/2016 06:03:19; 72 
Machine_02;10/01/2016 06:03:35; 71 
Machine_01;10/01/2016 06:03:35; 70 
Machine_02;10/01/2016 06:03:51; 50 
Machine_01;10/01/2016 06:03:51; 47 
Machine_02;10/01/2016 06:04:08; 52 
Machine_01;10/01/2016 06:04:08; 74 
Machine_02;10/01/2016 06:04:24; 45 
Machine_01;10/01/2016 06:04:24; 45 
Machine_02;10/01/2016 06:04:41; 66 
Machine_01;10/01/2016 06:04:41; 48 
Machine_02;10/01/2016 06:04:57; 63 
Machine_01;10/01/2016 06:04:57; 51 
Machine_02;10/01/2016 06:05:13; 53 
Machine_01;10/01/2016 06:05:13; 58 
Machine_02;10/01/2016 06:05:30; 58 
Machine_01;10/01/2016 06:05:30; 45 
Machine_02;10/01/2016 06:05:46; 54 
Machine_01;10/01/2016 06:05:46; 55 
Machine_02;10/01/2016 06:06:02; 53 
Machine_01;10/01/2016 06:06:02; 52 
Machine_02;10/01/2016 06:06:18; 67 
Machine_01;10/01/2016 06:06:18; 72 
Machine_02;10/01/2016 06:06:35; 75 
Machine_01;10/01/2016 06:06:35; 55 
Machine_02;10/01/2016 06:06:51; 56 
Machine_01;10/01/2016 06:06:51; 55 
Machine_02;10/01/2016 06:07:07; 54 
Machine_01;10/01/2016 06:07:07; 61 
Machine_02;10/01/2016 06:07:24; 75 
Machine_01;10/01/2016 06:07:24; 45 
Machine_02;10/01/2016 06:07:40; 68 
Machine_01;10/01/2016 06:07:40; 51 
Machine_02;10/01/2016 06:07:56; 56 
Machine_01;10/01/2016 06:07:56; 68 
Machine_02;10/01/2016 06:08:13; 67 
Machine_01;10/01/2016 06:08:13; 61 
Machine_02;10/01/2016 06:08:29; 60 
Machine_01;10/01/2016 06:08:29; 75 
Machine_02;10/01/2016 06:08:46; 75 
Machine_01;10/01/2016 06:08:46; 56 
Machine_02;10/01/2016 06:09:02; 69 
Machine_01;10/01/2016 06:09:02; 63 
Machine_02;10/01/2016 06:09:19; 55 
Machine_01;10/01/2016 06:09:19; 69 
Machine_02;10/01/2016 06:09:35; 45 
Machine_01;10/01/2016 06:09:35; 45 
Machine_02;10/01/2016 06:09:52; 62 
Machine_01;10/01/2016 06:09:52; 50 
Machine_02;10/01/2016 06:10:08; 53 
Machine_01;10/01/2016 06:10:08; 63 
Machine_02;10/01/2016 06:10:24; 63 
Machine_01;10/01/2016 06:10:24; 63 
Machine_02;10/01/2016 06:10:41; 52 
Machine_01;10/01/2016 06:10:41; 65 
Machine_02;10/01/2016 06:10:57; 73 
Machine_01;10/01/2016 06:10:57; 70 
Machine_02;10/01/2016 06:11:13; 72 
Machine_01;10/01/2016 06:11:13; 63 
Machine_02;10/01/2016 06:11:30; 46 
Machine_01;10/01/2016 06:11:30; 74 
Machine_02;10/01/2016 06:11:46; 52 
Machine_01;10/01/2016 06:11:46; 61 
Machine_02;10/01/2016 06:12:03; 52 
Machine_01;10/01/2016 06:12:03; 63 
Machine_02;10/01/2016 06:12:19; 56 
Machine_01;10/01/2016 06:12:19; 51 
Machine_02;10/01/2016 06:12:36; 53 
Machine_01;10/01/2016 06:12:36; 69 
Machine_02;10/01/2016 06:12:52; 73 
Machine_01;10/01/2016 06:12:52; 52 
Machine_02;10/01/2016 06:13:09; 75 
Machine_01;10/01/2016 06:13:09; 56 
Machine_02;10/01/2016 06:13:25; 56 
Machine_01;10/01/2016 06:13:25; 52 
Machine_02;10/01/2016 06:13:42; 48 
Machine_01;10/01/2016 06:13:42; 60 
Machine_02;10/01/2016 06:13:58; 52 
Machine_01;10/01/2016 06:13:58; 59 
Machine_02;10/01/2016 06:14:14; 53 
Machine_01;10/01/2016 06:14:14; 55 
Machine_02;10/01/2016 06:14:31; 61 
Machine_01;10/01/2016 06:14:31; 75 
Machine_02;10/01/2016 06:14:47; 49 
Machine_01;10/01/2016 06:14:47; 55 
Machine_02;10/01/2016 06:15:03; 57 
Machine_01;10/01/2016 06:15:03; 74 
Machine_02;10/01/2016 06:15:20; 75 
Machine_01;10/01/2016 06:15:20; 45 
Machine_02;10/01/2016 06:15:36; 56 
Machine_01;10/01/2016 06:15:36; 65 
Machine_02;10/01/2016 06:15:52; 62 
Machine_01;10/01/2016 06:15:52; 64 
Machine_02;10/01/2016 06:16:08; 54 
Machine_01;10/01/2016 06:16:08; 56 
Machine_02;10/01/2016 06:16:25; 68 
Machine_01;10/01/2016 06:16:25; 57 
Machine_02;10/01/2016 06:16:41; 73 
Machine_01;10/01/2016 06:16:41; 72 
Machine_02;10/01/2016 06:16:57; 50 
Machine_01;10/01/2016 06:16:57; 71 
Machine_02;10/01/2016 06:17:13; 49 
Machine_01;10/01/2016 06:17:13; 70 
Machine_02;10/01/2016 06:17:30; 70 
Machine_01;10/01/2016 06:17:30; 74 
Machine_02;10/01/2016 06:17:46; 51 
Machine_01;10/01/2016 06:17:46; 70 
Machine_02;10/01/2016 06:18:02; 75 
Machine_01;10/01/2016 06:18:02; 74 
Machine_02;10/01/2016 06:18:19; 57 
Machine_01;10/01/2016 06:18:19; 59 
Machine_02;10/01/2016 06:18:35; 51 
Machine_01;10/01/2016 06:18:35; 74 
Machine_02;10/01/2016 06:18:51; 75 
Machine_01;10/01/2016 06:18:51; 71 
Machine_02;10/01/2016 06:19:08; 61 
Machine_01;10/01/2016 06:19:08; 71 
Machine_02;10/01/2016 06:19:24; 68 
Machine_01;10/01/2016 06:19:24; 54 
Machine_02;10/01/2016 06:19:40; 66 
Machine_01;10/01/2016 06:19:40; 55 
Machine_02;10/01/2016 06:19:57; 46 
Machine_01;10/01/2016 06:19:57; 47 
Machine_02;10/01/2016 06:20:13; 75 
Machine_01;10/01/2016 06:20:13; 71 
Machine_02;10/01/2016 06:20:30; 74 
Machine_01;10/01/2016 06:20:30; 51 
Machine_02;10/01/2016 06:20:46; 62 
Machine_01;10/01/2016 06:20:46; 46 
Machine_02;10/01/2016 06:21:02; 45 
Machine_01;10/01/2016 06:21:02; 61 
Machine_02;10/01/2016 06:21:18; 48 
Machine_01;10/01/2016 06:21:18; 73 
Machine_02;10/01/2016 06:21:34; 51 
Machine_01;10/01/2016 06:21:34; 58 
Machine_02;10/01/2016 06:21:51; 57 
Machine_01;10/01/2016 06:21:51; 62 
Machine_02;10/01/2016 06:22:07; 52 
Machine_01;10/01/2016 06:22:07; 54 
Machine_02;10/01/2016 06:22:23; 73 
Machine_01;10/01/2016 06:22:23; 51 
Machine_02;10/01/2016 06:22:40; 67 
Machine_01;10/01/2016 06:22:40; 64 
Machine_02;10/01/2016 06:22:56; 45 
Machine_01;10/01/2016 06:22:56; 75 
Machine_02;10/01/2016 06:23:12; 62 
Machine_01;10/01/2016 06:23:12; 71 
Machine_02;10/01/2016 06:23:29; 56 
Machine_01;10/01/2016 06:23:29; 74 
Machine_02;10/01/2016 06:23:45; 74 
Machine_01;10/01/2016 06:23:45; 73 
Machine_02;10/01/2016 06:24:01; 75 
Machine_01;10/01/2016 06:24:01; 63 
Machine_02;10/01/2016 06:24:18; 65 
Machine_01;10/01/2016 06:24:18; 67 
Machine_02;10/01/2016 06:24:34; 57 
Machine_01;10/01/2016 06:24:34; 69 
Machine_02;10/01/2016 06:24:51; 72 
Machine_01;10/01/2016 06:24:51; 62 
Machine_02;10/01/2016 06:25:07; 75 
Machine_01;10/01/2016 06:25:07; 60 
Machine_02;10/01/2016 06:25:24; 50 
Machine_01;10/01/2016 06:25:24; 69 
Machine_02;10/01/2016 06:25:40; 63 
Machine_01;10/01/2016 06:25:40; 58 
Machine_02;10/01/2016 06:25:57; 61 
Machine_01;10/01/2016 06:25:57; 61 
Machine_02;10/01/2016 06:26:14; 67 
Machine_01;10/01/2016 06:26:14; 75 
Machine_02;10/01/2016 06:26:30; 73 
Machine_01;10/01/2016 06:26:30; 72 
Machine_02;10/01/2016 06:26:47; 72 
Machine_01;10/01/2016 06:26:47; 67 
Machine_02;10/01/2016 06:27:03; 46 
Machine_01;10/01/2016 06:27:03; 51 
Machine_02;10/01/2016 06:27:19; 64 
Machine_01;10/01/2016 06:27:19; 73 
Machine_02;10/01/2016 06:27:35; 57 
Machine_01;10/01/2016 06:27:35; 46 
Machine_02;10/01/2016 06:27:52; 74 
Machine_01;10/01/2016 06:27:52; 45 
Machine_02;10/01/2016 06:28:08; 54 
Machine_01;10/01/2016 06:28:08; 65 
Machine_02;10/01/2016 06:28:24; 68 
Machine_01;10/01/2016 06:28:24; 46 
Machine_02;10/01/2016 06:28:41; 60 
Machine_01;10/01/2016 06:28:41; 53 
Machine_02;10/01/2016 06:28:57; 74 
Machine_01;10/01/2016 06:28:57; 62 
Machine_02;10/01/2016 06:29:14; 72 
Machine_01;10/01/2016 06:29:14; 69 
Machine_02;10/01/2016 06:29:30; 45 
Machine_01;10/01/2016 06:29:30; 67 
Machine_02;10/01/2016 06:29:47; 66 
Machine_01;10/01/2016 06:29:47; 46 
Machine_02;10/01/2016 06:30:03; 64 
Machine_01;10/01/2016 06:30:03; 74 
Machine_02;10/01/2016 06:30:20; 67 
Machine_01;10/01/2016 06:30:20; 63 
Machine_02;10/01/2016 06:30:36; 71 
Machine_01;10/01/2016 06:30:36; 45 
Machine_02;10/01/2016 06:30:53; 61 
Machine_01;10/01/2016 06:30:53; 52 
Machine_02;10/01/2016 06:31:09; 69 
Machine_01;10/01/2016 06:31:09; 59 
Machine_02;10/01/2016 06:31:26; 45 
Machine_01;10/01/2016 06:31:26; 51 
Machine_02;10/01/2016 06:31:42; 61 
Machine_01;10/01/2016 06:31:42; 58 
Machine_02;10/01/2016 06:31:59; 48 
Machine_01;10/01/2016 06:31:59; 55 
Machine_02;10/01/2016 06:32:16; 72 
Machine_01;10/01/2016 06:32:16; 54 
Machine_02;10/01/2016 06:32:32; 64 
Machine_01;10/01/2016 06:32:32; 65 
Machine_02;10/01/2016 06:32:49; 71 
Machine_01;10/01/2016 06:32:49; 56 
Machine_02;10/01/2016 06:33:05; 59 
Machine_01;10/01/2016 06:33:05; 61 
Machine_02;10/01/2016 06:33:21; 74 
Machine_01;10/01/2016 06:33:21; 53 
Machine_02;10/01/2016 06:33:38; 51 
Machine_01;10/01/2016 06:33:38; 47 
Machine_02;10/01/2016 06:33:54; 58 
Machine_01;10/01/2016 06:33:54; 48 
Machine_02;10/01/2016 06:34:10; 73 
Machine_01;10/01/2016 06:34:10; 52 
Machine_02;10/01/2016 06:34:27; 64 
Machine_01;10/01/2016 06:34:27; 75 
Machine_02;10/01/2016 06:34:43; 64 
Machine_01;10/01/2016 06:34:43; 75 
Machine_02;10/01/2016 06:34:59; 75 
Machine_01;10/01/2016 06:34:59; 60 
Machine_02;10/01/2016 06:35:16; 70 
Machine_01;10/01/2016 06:35:16; 45 
Machine_02;10/01/2016 06:35:32; 47 
Machine_01;10/01/2016 06:35:32; 71 
Machine_02;10/01/2016 06:35:49; 74 
Machine_01;10/01/2016 06:35:49; 49 
Machine_02;10/01/2016 06:36:05; 56 
Machine_01;10/01/2016 06:36:05; 72 
Machine_02;10/01/2016 06:36:21; 48 
Machine_01;10/01/2016 06:36:21; 73 
Machine_02;10/01/2016 06:36:38; 50 
Machine_01;10/01/2016 06:36:38; 55 
Machine_02;10/01/2016 06:36:54; 68 
Machine_01;10/01/2016 06:36:54; 53 
Machine_02;10/01/2016 06:37:10; 57 
Machine_01;10/01/2016 06:37:10; 68 
Machine_02;10/01/2016 06:37:27; 47 
Machine_01;10/01/2016 06:37:27; 66 
Machine_02;10/01/2016 06:37:43; 45 
Machine_01;10/01/2016 06:37:43; 57 
Machine_02;10/01/2016 06:38:00; 61 
Machine_01;10/01/2016 06:38:00; 52 
Machine_02;10/01/2016 06:38:16; 67 
Machine_01;10/01/2016 06:38:16; 68 
Machine_02;10/01/2016 06:38:33; 55 
Machine_01;10/01/2016 06:38:33; 71 
Machine_02;10/01/2016 06:38:50; 51 
Machine_01;10/01/2016 06:38:50; 55 
Machine_02;10/01/2016 06:39:06; 46 
Machine_01;10/01/2016 06:39:06; 52 
Machine_02;10/01/2016 06:39:22; 51 
Machine_01;10/01/2016 06:39:22; 46 
Machine_02;10/01/2016 06:39:39; 54 
Machine_01;10/01/2016 06:39:39; 70 
Machine_02;10/01/2016 06:39:55; 64 
Machine_01;10/01/2016 06:39:55; 46 
Machine_02;10/01/2016 06:40:11; 63 
Machine_01;10/01/2016 06:40:11; 73 
Machine_02;10/01/2016 06:40:27; 75 
Machine_01;10/01/2016 06:40:27; 56 
Machine_02;10/01/2016 06:40:44; 63 
Machine_01;10/01/2016 06:40:44; 54 
Machine_02;10/01/2016 06:41:00; 56 
Machine_01;10/01/2016 06:41:00; 61 
Machine_02;10/01/2016 06:41:17; 70 
Machine_01;10/01/2016 06:41:17; 66 
Machine_02;10/01/2016 06:41:33; 72 
Machine_01;10/01/2016 06:41:33; 75 
Machine_02;10/01/2016 06:41:50; 68 
Machine_01;10/01/2016 06:41:50; 58 
Machine_02;10/01/2016 06:42:06; 55 
Machine_01;10/01/2016 06:42:06; 72 
Machine_02;10/01/2016 06:42:23; 62 
Machine_01;10/01/2016 06:42:23; 70 
Machine_02;10/01/2016 06:42:40; 75 
Machine_01;10/01/2016 06:42:40; 71 
Machine_02;10/01/2016 06:42:56; 49 
Machine_01;10/01/2016 06:42:56; 74 
Machine_02;10/01/2016 06:43:12; 62 
Machine_01;10/01/2016 06:43:12; 72 
Machine_02;10/01/2016 06:43:28; 63 
Machine_01;10/01/2016 06:43:28; 65 
Machine_02;10/01/2016 06:43:45; 52 
Machine_01;10/01/2016 06:43:45; 66 
Machine_02;10/01/2016 06:44:01; 72 
Machine_01;10/01/2016 06:44:01; 46 
Machine_02;10/01/2016 06:44:18; 74 
Machine_01;10/01/2016 06:44:18; 56 
Machine_02;10/01/2016 06:44:34; 64 
Machine_01;10/01/2016 06:44:34; 69 
Machine_02;10/01/2016 06:44:51; 59 
Machine_01;10/01/2016 06:44:51; 51 
Machine_02;10/01/2016 06:45:07; 60 
Machine_01;10/01/2016 06:45:07; 47 
Machine_02;10/01/2016 06:45:23; 50 
Machine_01;10/01/2016 06:45:23; 57 
Machine_02;10/01/2016 06:45:40; 70 
Machine_01;10/01/2016 06:45:40; 69 
Machine_02;10/01/2016 06:45:56; 53 
Machine_01;10/01/2016 06:45:56; 69 
Machine_02;10/01/2016 06:46:12; 58 
Machine_01;10/01/2016 06:46:12; 68 
Machine_02;10/01/2016 06:46:29; 57 
Machine_01;10/01/2016 06:46:29; 67 
Machine_02;10/01/2016 06:46:45; 60 
Machine_01;10/01/2016 06:46:45; 51 
Machine_02;10/01/2016 06:47:02; 50 
Machine_01;10/01/2016 06:47:02; 52 
Machine_02;10/01/2016 06:47:18; 55 
Machine_01;10/01/2016 06:47:18; 46 
Machine_02;10/01/2016 06:47:34; 73 
Machine_01;10/01/2016 06:47:34; 64 
Machine_02;10/01/2016 06:47:50; 55 
Machine_01;10/01/2016 06:47:50; 66 
Machine_02;10/01/2016 06:48:07; 64 
Machine_01;10/01/2016 06:48:07; 48 
Machine_02;10/01/2016 06:48:23; 45 
Machine_01;10/01/2016 06:48:23; 46 
Machine_02;10/01/2016 06:48:39; 51 
Machine_01;10/01/2016 06:48:39; 63 
Machine_02;10/01/2016 06:48:55; 50 
Machine_01;10/01/2016 06:48:55; 62 
Machine_02;10/01/2016 06:49:11; 68 
Machine_01;10/01/2016 06:49:11; 74 
Machine_02;10/01/2016 06:49:28; 51 
Machine_01;10/01/2016 06:49:28; 67 
Machine_02;10/01/2016 06:49:44; 64 
Machine_01;10/01/2016 06:49:44; 52 
Machine_02;10/01/2016 06:50:00; 67 
Machine_01;10/01/2016 06:50:00; 62 
Machine_02;10/01/2016 06:50:16; 66 
Machine_01;10/01/2016 06:50:16; 55 
Machine_02;10/01/2016 06:50:33; 48 
Machine_01;10/01/2016 06:50:33; 72 
Machine_02;10/01/2016 06:50:49; 67 
Machine_01;10/01/2016 06:50:49; 73 
Machine_02;10/01/2016 06:51:05; 53 
Machine_01;10/01/2016 06:51:05; 75 
Machine_02;10/01/2016 06:51:21; 63 
Machine_01;10/01/2016 06:51:21; 70 
Machine_02;10/01/2016 06:51:37; 65 
Machine_01;10/01/2016 06:51:37; 54 
Machine_02;10/01/2016 06:51:54; 65 
Machine_01;10/01/2016 06:51:54; 50 
Machine_02;10/01/2016 06:52:10; 50 
Machine_01;10/01/2016 06:52:10; 70 
Machine_02;10/01/2016 06:52:26; 57 
Machine_01;10/01/2016 06:52:26; 53 
Machine_02;10/01/2016 06:52:42; 45 
Machine_01;10/01/2016 06:52:42; 68 
Machine_02;10/01/2016 06:52:59; 45 
Machine_01;10/01/2016 06:52:59; 61 
Machine_02;10/01/2016 06:53:15; 75 
Machine_01;10/01/2016 06:53:15; 55 
Machine_02;10/01/2016 06:53:31; 69 
Machine_01;10/01/2016 06:53:31; 47 
Machine_02;10/01/2016 06:53:48; 75 
Machine_01;10/01/2016 06:53:48; 63 
Machine_02;10/01/2016 06:54:04; 58 
Machine_01;10/01/2016 06:54:04; 71 
Machine_02;10/01/2016 06:54:20; 60 
Machine_01;10/01/2016 06:54:20; 62 
Machine_02;10/01/2016 06:54:37; 74 
Machine_01;10/01/2016 06:54:37; 56 
Machine_02;10/01/2016 06:54:53; 65 
Machine_01;10/01/2016 06:54:53; 45 
Machine_02;10/01/2016 06:55:10; 53 
Machine_01;10/01/2016 06:55:10; 75 
Machine_02;10/01/2016 06:55:26; 55 
Machine_01;10/01/2016 06:55:26; 47 
Machine_02;10/01/2016 06:55:43; 67 
Machine_01;10/01/2016 06:55:43; 50 
Machine_02;10/01/2016 06:55:59; 68 
Machine_01;10/01/2016 06:55:59; 47 
Machine_02;10/01/2016 06:56:15; 47 
Machine_01;10/01/2016 06:56:15; 68 
Machine_02;10/01/2016 06:56:32; 55 
Machine_01;10/01/2016 06:56:32; 51 
Machine_02;10/01/2016 06:56:48; 66 
Machine_01;10/01/2016 06:56:48; 60 
Machine_02;10/01/2016 06:57:05; 62 
Machine_01;10/01/2016 06:57:05; 61 
Machine_02;10/01/2016 06:57:21; 47 
Machine_01;10/01/2016 06:57:21; 75 
Machine_02;10/01/2016 06:57:37; 70 
Machine_01;10/01/2016 06:57:37; 67 
Machine_02;10/01/2016 06:57:54; 59 
Machine_01;10/01/2016 06:57:54; 56 
Machine_02;10/01/2016 06:58:10; 67 
Machine_01;10/01/2016 06:58:10; 61 
Machine_02;10/01/2016 06:58:26; 67 
Machine_01;10/01/2016 06:58:26; 52 
Machine_02;10/01/2016 06:58:42; 45 
Machine_01;10/01/2016 06:58:42; 50 
Machine_02;10/01/2016 06:58:59; 67 
Machine_01;10/01/2016 06:58:59; 54 
Machine_02;10/01/2016 06:59:15; 69 
Machine_01;10/01/2016 06:59:15; 74 
Machine_02;10/01/2016 06:59:32; 54 
Machine_01;10/01/2016 06:59:32; 68 
Machine_02;10/01/2016 06:59:48; 72 
Machine_01;10/01/2016 06:59:48; 48 
Machine_02;10/01/2016 07:00:05; 74 
Machine_01;10/01/2016 07:00:05; 60 
Machine_02;10/01/2016 07:00:21; 58 
Machine_01;10/01/2016 07:00:21; 57 
Machine_02;10/01/2016 07:00:37; 62 
Machine_01;10/01/2016 07:00:37; 59 
Machine_02;10/01/2016 07:00:54; 50 
Machine_01;10/01/2016 07:00:54; 70 
Machine_02;10/01/2016 07:01:10; 62 
Machine_01;10/01/2016 07:01:10; 66 
Machine_02;10/01/2016 07:01:26; 66 
Machine_01;10/01/2016 07:01:26; 71 
Machine_02;10/01/2016 07:01:42; 45 
Machine_01;10/01/2016 07:01:42; 60 
Machine_02;10/01/2016 07:01:59; 61 
Machine_01;10/01/2016 07:01:59; 62 
Machine_02;10/01/2016 07:02:15; 55 
Machine_01;10/01/2016 07:02:15; 75 
Machine_02;10/01/2016 07:02:31; 49 
Machine_01;10/01/2016 07:02:31; 75 
Machine_02;10/01/2016 07:02:47; 51 
Machine_01;10/01/2016 07:02:47; 46 
Machine_02;10/01/2016 07:03:04; 70 
Machine_01;10/01/2016 07:03:04; 50 
Machine_02;10/01/2016 07:03:20; 53 
Machine_01;10/01/2016 07:03:20; 52 
Machine_02;10/01/2016 07:03:36; 65 
Machine_01;10/01/2016 07:03:36; 56 
Machine_02;10/01/2016 07:03:53; 58 
Machine_01;10/01/2016 07:03:53; 57 
Machine_02;10/01/2016 07:04:09; 71 
Machine_01;10/01/2016 07:04:09; 46 
Machine_02;10/01/2016 07:04:26; 64 
Machine_01;10/01/2016 07:04:26; 60 
Machine_02;10/01/2016 07:04:43; 75 
Machine_01;10/01/2016 07:04:43; 63 
Machine_02;10/01/2016 07:04:59; 59 
Machine_01;10/01/2016 07:04:59; 54 
Machine_02;10/01/2016 07:05:15; 51 
Machine_01;10/01/2016 07:05:15; 56 
Machine_02;10/01/2016 07:05:31; 57 
Machine_01;10/01/2016 07:05:31; 53 
Machine_02;10/01/2016 07:05:48; 68 
Machine_01;10/01/2016 07:05:48; 71 
Machine_02;10/01/2016 07:06:04; 48 
Machine_01;10/01/2016 07:06:04; 63 
Machine_02;10/01/2016 07:06:20; 54 
Machine_01;10/01/2016 07:06:20; 60 
Machine_02;10/01/2016 07:06:37; 66 
Machine_01;10/01/2016 07:06:37; 66 
Machine_02;10/01/2016 07:06:53; 47 
Machine_01;10/01/2016 07:06:53; 74 
Machine_02;10/01/2016 07:07:09; 74 
Machine_01;10/01/2016 07:07:09; 62 
Machine_02;10/01/2016 07:07:25; 65 
Machine_01;10/01/2016 07:07:25; 56 
Machine_02;10/01/2016 07:07:41; 69 
Machine_01;10/01/2016 07:07:41; 70 
Machine_02;10/01/2016 07:07:58; 53 
Machine_01;10/01/2016 07:07:58; 48 
Machine_02;10/01/2016 07:08:14; 66 
Machine_01;10/01/2016 07:08:14; 69 
Machine_02;10/01/2016 07:08:30; 74 
Machine_01;10/01/2016 07:08:30; 67 
Machine_02;10/01/2016 07:08:46; 60 
Machine_01;10/01/2016 07:08:46; 49 
Machine_02;10/01/2016 07:09:03; 57 
Machine_01;10/01/2016 07:09:03; 63 
Machine_02;10/01/2016 07:09:19; 67 
Machine_01;10/01/2016 07:09:19; 58 
Machine_02;10/01/2016 07:09:35; 48 
Machine_01;10/01/2016 07:09:35; 70 
Machine_02;10/01/2016 07:09:51; 49 
Machine_01;10/01/2016 07:09:51; 61 
Machine_02;10/01/2016 07:10:07; 45 
Machine_01;10/01/2016 07:10:07; 61 
Machine_02;10/01/2016 07:10:23; 59 
Machine_01;10/01/2016 07:10:23; 65 
Machine_02;10/01/2016 07:10:39; 66 
Machine_01;10/01/2016 07:10:39; 50 
Machine_02;10/01/2016 07:10:55; 72 
Machine_01;10/01/2016 07:10:55; 65 
Machine_02;10/01/2016 07:11:12; 70 
Machine_01;10/01/2016 07:11:12; 66 
Machine_02;10/01/2016 07:11:28; 64 
Machine_01;10/01/2016 07:11:28; 75 
Machine_02;10/01/2016 07:11:44; 58 
Machine_01;10/01/2016 07:11:44; 65 
Machine_02;10/01/2016 07:12:00; 53 
Machine_01;10/01/2016 07:12:00; 49 
Machine_02;10/01/2016 07:12:17; 56 
Machine_01;10/01/2016 07:12:17; 50 
Machine_02;10/01/2016 07:12:33; 54 
Machine_01;10/01/2016 07:12:33; 54 
Machine_02;10/01/2016 07:12:49; 53 
Machine_01;10/01/2016 07:12:49; 69 
Machine_02;10/01/2016 07:13:05; 57 
Machine_01;10/01/2016 07:13:05; 53 
Machine_02;10/01/2016 07:13:21; 63 
Machine_01;10/01/2016 07:13:21; 47 
Machine_02;10/01/2016 07:13:38; 46 
Machine_01;10/01/2016 07:13:38; 67 
Machine_02;10/01/2016 07:13:54; 58 
Machine_01;10/01/2016 07:13:54; 68 
Machine_02;10/01/2016 07:14:10; 54 
Machine_01;10/01/2016 07:14:10; 48 
Machine_02;10/01/2016 07:14:26; 62 
Machine_01;10/01/2016 07:14:26; 57 
Machine_02;10/01/2016 07:14:42; 67 
Machine_01;10/01/2016 07:14:42; 56 
Machine_02;10/01/2016 07:14:59; 61 
Machine_01;10/01/2016 07:14:59; 60 
Machine_02;10/01/2016 07:15:15; 67 
Machine_01;10/01/2016 07:15:15; 51 
Machine_02;10/01/2016 07:15:31; 57 
Machine_01;10/01/2016 07:15:31; 67 
Machine_02;10/01/2016 07:15:47; 59 
Machine_01;10/01/2016 07:15:47; 59 
Machine_02;10/01/2016 07:16:03; 55 
Machine_01;10/01/2016 07:16:03; 45 
Machine_02;10/01/2016 07:16:19; 46 
Machine_01;10/01/2016 07:16:19; 54 
Machine_02;10/01/2016 07:16:36; 63 
Machine_01;10/01/2016 07:16:36; 53 
Machine_02;10/01/2016 07:16:52; 54 
Machine_01;10/01/2016 07:16:52; 72 
Machine_02;10/01/2016 07:17:08; 52 
Machine_01;10/01/2016 07:17:08; 59 
Machine_02;10/01/2016 07:17:24; 54 
Machine_01;10/01/2016 07:17:24; 48 
Machine_02;10/01/2016 07:17:40; 63 
Machine_01;10/01/2016 07:17:40; 68 
Machine_02;10/01/2016 07:17:56; 68 
Machine_01;10/01/2016 07:17:56; 49 
Machine_02;10/01/2016 07:18:12; 70 
Machine_01;10/01/2016 07:18:12; 69 
Machine_02;10/01/2016 07:18:28; 65 
Machine_01;10/01/2016 07:18:28; 62 
Machine_02;10/01/2016 07:18:44; 65 
Machine_01;10/01/2016 07:18:44; 51 
Machine_02;10/01/2016 07:19:01; 68 
Machine_01;10/01/2016 07:19:01; 55 
Machine_02;10/01/2016 07:19:17; 58 
Machine_01;10/01/2016 07:19:17; 56 
Machine_02;10/01/2016 07:19:33; 51 
Machine_01;10/01/2016 07:19:33; 50 
Machine_02;10/01/2016 07:19:49; 61 
Machine_01;10/01/2016 07:19:49; 46 
Machine_02;10/01/2016 07:20:06; 66 
Machine_01;10/01/2016 07:20:06; 70 
Machine_02;10/01/2016 07:20:22; 72 
Machine_01;10/01/2016 07:20:22; 49 
Machine_02;10/01/2016 07:20:38; 58 
Machine_01;10/01/2016 07:20:38; 49 
Machine_02;10/01/2016 07:20:54; 63 
Machine_01;10/01/2016 07:20:54; 58 
Machine_02;10/01/2016 07:21:10; 58 
Machine_01;10/01/2016 07:21:10; 61 
Machine_02;10/01/2016 07:21:26; 55 
Machine_01;10/01/2016 07:21:26; 65 
Machine_02;10/01/2016 07:21:42; 66 
Machine_01;10/01/2016 07:21:42; 53 
Machine_02;10/01/2016 07:21:59; 71 
Machine_01;10/01/2016 07:21:59; 49 
Machine_02;10/01/2016 07:22:15; 70 
Machine_01;10/01/2016 07:22:15; 74 
Machine_02;10/01/2016 07:22:31; 62 
Machine_01;10/01/2016 07:22:31; 72 
Machine_02;10/01/2016 07:22:47; 64 
Machine_01;10/01/2016 07:22:47; 74 
Machine_02;10/01/2016 07:23:03; 74 
Machine_01;10/01/2016 07:23:03; 74 
Machine_02;10/01/2016 07:23:20; 50 
Machine_01;10/01/2016 07:23:20; 47 
Machine_02;10/01/2016 07:23:36; 56 
Machine_01;10/01/2016 07:23:36; 67 
Machine_02;10/01/2016 07:23:52; 66 
Machine_01;10/01/2016 07:23:52; 45 
Machine_02;10/01/2016 07:24:09; 47 
Machine_01;10/01/2016 07:24:09; 51 
Machine_02;10/01/2016 07:24:25; 47 
Machine_01;10/01/2016 07:24:25; 47 
Machine_02;10/01/2016 07:24:41; 71 
Machine_01;10/01/2016 07:24:41; 51 
Machine_02;10/01/2016 07:24:57; 71 
Machine_01;10/01/2016 07:24:57; 51 
Machine_02;10/01/2016 07:25:13; 74 
Machine_01;10/01/2016 07:25:13; 62 
Machine_02;10/01/2016 07:25:29; 71 
Machine_01;10/01/2016 07:25:29; 66 
Machine_02;10/01/2016 07:25:45; 45 
Machine_01;10/01/2016 07:25:45; 60 
Machine_02;10/01/2016 07:26:01; 75 
Machine_01;10/01/2016 07:26:01; 54 
Machine_02;10/01/2016 07:26:18; 54 
Machine_01;10/01/2016 07:26:18; 74 
Machine_02;10/01/2016 07:26:34; 61 
Machine_01;10/01/2016 07:26:34; 64 
Machine_02;10/01/2016 07:26:50; 56 
Machine_01;10/01/2016 07:26:50; 57 
Machine_02;10/01/2016 07:27:06; 62 
Machine_01;10/01/2016 07:27:06; 46 
Machine_02;10/01/2016 07:27:22; 68 
Machine_01;10/01/2016 07:27:22; 67 
Machine_02;10/01/2016 07:27:39; 66 
Machine_01;10/01/2016 07:27:39; 66 
Machine_02;10/01/2016 07:27:55; 59 
Machine_01;10/01/2016 07:27:55; 61 
Machine_02;10/01/2016 07:28:11; 45 
Machine_01;10/01/2016 07:28:11; 63 
Machine_02;10/01/2016 07:28:27; 73 
Machine_01;10/01/2016 07:28:27; 66 
Machine_02;10/01/2016 07:28:43; 72 
Machine_01;10/01/2016 07:28:43; 63 
Machine_02;10/01/2016 07:28:59; 48 
Machine_01;10/01/2016 07:28:59; 73 
Machine_02;10/01/2016 07:29:15; 68 
Machine_01;10/01/2016 07:29:15; 45 
Machine_02;10/01/2016 07:29:32; 51 
Machine_01;10/01/2016 07:29:32; 50 
Machine_02;10/01/2016 07:29:48; 55 
Machine_01;10/01/2016 07:29:48; 59 
Machine_02;10/01/2016 12:19:22; 55 
Machine_01;10/01/2016 12:19:22; 58 
Machine_02;10/01/2016 12:19:39; 61 
Machine_01;10/01/2016 12:19:39; 48 
Machine_02;10/01/2016 12:19:55; 69 
Machine_01;10/01/2016 12:19:55; 67 
Machine_02;10/01/2016 12:20:11; 60 
Machine_01;10/01/2016 12:20:11; 73 
Machine_02;10/01/2016 12:20:28; 57 
Machine_01;10/01/2016 12:20:28; 48 
Machine_02;10/01/2016 12:20:44; 53 
Machine_01;10/01/2016 12:20:44; 46 
Machine_02;10/01/2016 12:21:00; 56 
Machine_01;10/01/2016 12:21:00; 74 
Machine_02;10/01/2016 12:21:17; 49 
Machine_01;10/01/2016 12:21:17; 47 
Machine_02;10/01/2016 12:21:33; 70 
Machine_01;10/01/2016 12:21:33; 48 
Machine_02;10/01/2016 12:21:49; 74 
Machine_01;10/01/2016 12:21:49; 57 
Machine_02;10/01/2016 12:22:06; 45 
Machine_01;10/01/2016 12:22:06; 62 
Machine_02;10/01/2016 12:22:22; 51 
Machine_01;10/01/2016 12:22:22; 51 
Machine_02;10/01/2016 12:22:38; 45 
Machine_01;10/01/2016 12:22:38; 45 
Machine_02;10/01/2016 12:22:55; 72 
Machine_01;10/01/2016 12:22:55; 46 
Machine_02;10/01/2016 12:23:12; 61 
Machine_01;10/01/2016 12:23:12; 48 
Machine_02;10/01/2016 12:23:28; 61 
Machine_01;10/01/2016 12:23:28; 54 
Machine_02;10/01/2016 12:23:44; 50 
Machine_01;10/01/2016 12:23:44; 59 
Machine_02;10/01/2016 12:24:01; 45 
Machine_01;10/01/2016 12:24:01; 72 
Machine_02;10/01/2016 12:24:17; 55 
Machine_01;10/01/2016 12:24:17; 67 
Machine_02;10/01/2016 12:24:33; 55 
Machine_01;10/01/2016 12:24:33; 72 
Machine_02;10/01/2016 12:24:50; 70 
Machine_01;10/01/2016 12:24:50; 58 
Machine_02;10/01/2016 12:25:06; 70 
Machine_01;10/01/2016 12:25:06; 63 
Machine_02;10/01/2016 12:25:22; 57 
Machine_01;10/01/2016 12:25:22; 61 
Machine_02;10/01/2016 12:25:39; 69 
Machine_01;10/01/2016 12:25:39; 61 
Machine_02;10/01/2016 12:25:55; 62 
Machine_01;10/01/2016 12:25:55; 72 
Machine_02;10/01/2016 12:26:12; 70 
Machine_01;10/01/2016 12:26:12; 50 
Machine_02;10/01/2016 12:26:28; 56 
Machine_01;10/01/2016 12:26:28; 70 
Machine_02;10/01/2016 12:26:44; 63 
Machine_01;10/01/2016 12:26:44; 67 
Machine_02;10/01/2016 12:27:01; 57 
Machine_01;10/01/2016 12:27:01; 53 
Machine_02;10/01/2016 12:27:17; 70 
Machine_01;10/01/2016 12:27:17; 70 
Machine_02;10/01/2016 12:27:33; 60 
Machine_01;10/01/2016 12:27:33; 46 
Machine_02;10/01/2016 12:27:50; 47 
Machine_01;10/01/2016 12:27:50; 45 
Machine_02;10/01/2016 12:28:06; 54 
Machine_01;10/01/2016 12:28:06; 58 
Machine_02;10/01/2016 12:28:23; 55 
Machine_01;10/01/2016 12:28:23; 51 
Machine_02;10/01/2016 12:28:39; 48 
Machine_01;10/01/2016 12:28:39; 67 
Machine_02;10/01/2016 12:28:56; 45 
Machine_01;10/01/2016 12:28:56; 45 
Machine_02;10/01/2016 12:29:12; 64 
Machine_01;10/01/2016 12:29:12; 55 
Machine_02;10/01/2016 12:29:29; 54 
Machine_01;10/01/2016 12:29:29; 70 
Machine_02;10/01/2016 12:29:46; 57 
Machine_01;10/01/2016 12:29:46; 62 
Machine_02;10/01/2016 12:30:02; 69 
Machine_01;10/01/2016 12:30:02; 62 
Machine_02;10/01/2016 12:30:18; 49 
Machine_01;10/01/2016 12:30:18; 59 
Machine_02;10/01/2016 12:30:34; 73 
Machine_01;10/01/2016 12:30:34; 57 
Machine_02;10/01/2016 12:30:51; 47 
Machine_01;10/01/2016 12:30:51; 49 
Machine_02;10/01/2016 12:31:07; 72 
Machine_01;10/01/2016 12:31:07; 73 
Machine_02;10/01/2016 12:31:23; 49 
Machine_01;10/01/2016 12:31:23; 70 
Machine_02;10/01/2016 12:31:40; 65 
Machine_01;10/01/2016 12:31:40; 51 
Machine_02;10/01/2016 12:31:56; 67 
Machine_01;10/01/2016 12:31:56; 49 
Machine_02;10/01/2016 12:32:13; 47 
Machine_01;10/01/2016 12:32:13; 52 
Machine_02;10/01/2016 12:32:29; 68 
Machine_01;10/01/2016 12:32:29; 68 
Machine_02;10/01/2016 12:32:46; 73 
Machine_01;10/01/2016 12:32:46; 68 
Machine_02;10/01/2016 12:33:02; 75 
Machine_01;10/01/2016 12:33:02; 57 
Machine_02;10/01/2016 12:33:19; 49 
Machine_01;10/01/2016 12:33:19; 70 
Machine_02;10/01/2016 12:33:36; 45 
Machine_01;10/01/2016 12:33:36; 56 
Machine_02;10/01/2016 12:33:52; 48 
Machine_01;10/01/2016 12:33:52; 71 
Machine_02;10/01/2016 12:34:09; 45 
Machine_01;10/01/2016 12:34:09; 46 
Machine_02;10/01/2016 12:34:25; 74 
Machine_01;10/01/2016 12:34:25; 59 
Machine_02;10/01/2016 12:34:41; 56 
Machine_01;10/01/2016 12:34:41; 49 
Machine_02;10/01/2016 12:34:57; 47 
Machine_01;10/01/2016 12:34:57; 46 
Machine_02;10/01/2016 12:35:14; 54 
Machine_01;10/01/2016 12:35:14; 55 
Machine_02;10/01/2016 12:35:31; 45 
Machine_01;10/01/2016 12:35:31; 61 
Machine_02;10/01/2016 12:35:47; 45 
Machine_01;10/01/2016 12:35:47; 67 
Machine_02;10/01/2016 12:36:03; 69 
Machine_01;10/01/2016 12:36:03; 53 
Machine_02;10/01/2016 12:36:20; 67 
Machine_01;10/01/2016 12:36:20; 70 
Machine_02;10/01/2016 12:36:36; 63 
Machine_01;10/01/2016 12:36:36; 70 
Machine_02;10/01/2016 12:36:52; 45 
Machine_01;10/01/2016 12:36:52; 58 
Machine_02;10/01/2016 12:37:09; 65 
Machine_01;10/01/2016 12:37:09; 49 
Machine_02;10/01/2016 12:37:25; 49 
Machine_01;10/01/2016 12:37:25; 74 
Machine_02;10/01/2016 12:37:41; 71 
Machine_01;10/01/2016 12:37:41; 48 
Machine_02;10/01/2016 12:37:58; 46 
Machine_01;10/01/2016 12:37:58; 67 
Machine_02;10/01/2016 12:38:14; 52 
Machine_01;10/01/2016 12:38:14; 74 
Machine_02;10/01/2016 12:38:31; 58 
Machine_01;10/01/2016 12:38:31; 57 
Machine_02;10/01/2016 12:38:47; 72 
Machine_01;10/01/2016 12:38:47; 68 
Machine_02;10/01/2016 12:39:04; 70 
Machine_01;10/01/2016 12:39:04; 75 
Machine_02;10/01/2016 12:39:20; 68 
Machine_01;10/01/2016 12:39:20; 50 
Machine_02;10/01/2016 12:39:37; 51 
Machine_01;10/01/2016 12:39:37; 60 
Machine_02;10/01/2016 12:39:54; 46 
Machine_01;10/01/2016 12:39:54; 59 
Machine_02;10/01/2016 12:40:10; 45 
Machine_01;10/01/2016 12:40:10; 55 
Machine_02;10/01/2016 12:40:26; 71 
Machine_01;10/01/2016 12:40:26; 58 
Machine_02;10/01/2016 12:40:43; 73 
Machine_01;10/01/2016 12:40:43; 66 
Machine_02;10/01/2016 12:40:59; 53 
Machine_01;10/01/2016 12:40:59; 59 
Machine_02;10/01/2016 12:41:15; 51 
Machine_01;10/01/2016 12:41:15; 70 
Machine_02;10/01/2016 12:41:31; 73 
Machine_01;10/01/2016 12:41:31; 62 
Machine_02;10/01/2016 12:41:48; 68 
Machine_01;10/01/2016 12:41:48; 69 
Machine_02;10/01/2016 12:42:04; 68 
Machine_01;10/01/2016 12:42:04; 47 
Machine_02;10/01/2016 12:42:20; 54 
Machine_01;10/01/2016 12:42:20; 46 
Machine_02;10/01/2016 12:42:37; 70 
Machine_01;10/01/2016 12:42:37; 73 
Machine_02;10/01/2016 12:42:53; 45 
Machine_01;10/01/2016 12:42:53; 46 
Machine_02;10/01/2016 12:43:09; 68 
Machine_01;10/01/2016 12:43:09; 63 
Machine_02;10/01/2016 12:43:26; 66 
Machine_01;10/01/2016 12:43:26; 70 
Machine_02;10/01/2016 12:43:42; 71 
Machine_01;10/01/2016 12:43:42; 61 
Machine_02;10/01/2016 12:43:59; 63 
Machine_01;10/01/2016 12:43:59; 50 
Machine_02;10/01/2016 12:44:15; 64 
Machine_01;10/01/2016 12:44:15; 54 
Machine_02;10/01/2016 12:44:32; 49 
Machine_01;10/01/2016 12:44:32; 68 
Machine_02;10/01/2016 12:44:48; 45 
Machine_01;10/01/2016 12:44:48; 68 
Machine_02;10/01/2016 12:45:05; 72 
Machine_01;10/01/2016 12:45:05; 54 
Machine_02;10/01/2016 12:45:21; 71 
Machine_01;10/01/2016 12:45:21; 51 
Machine_02;10/01/2016 12:45:38; 55 
Machine_01;10/01/2016 12:45:38; 75 
Machine_02;10/01/2016 12:45:54; 65 
Machine_01;10/01/2016 12:45:54; 73 
Machine_02;10/01/2016 12:46:10; 46 
Machine_01;10/01/2016 12:46:10; 73 
Machine_02;10/01/2016 12:46:27; 50 
Machine_01;10/01/2016 12:46:27; 73 
Machine_02;10/01/2016 12:46:43; 69 
Machine_01;10/01/2016 12:46:43; 70 
Machine_02;10/01/2016 12:46:59; 55 
Machine_01;10/01/2016 12:46:59; 67 
Machine_02;10/01/2016 12:47:16; 62 
Machine_01;10/01/2016 12:47:16; 64 
Machine_02;10/01/2016 12:47:32; 72 
Machine_01;10/01/2016 12:47:32; 50 
Machine_02;10/01/2016 12:47:49; 61 
Machine_01;10/01/2016 12:47:49; 55 
Machine_02;10/01/2016 12:48:05; 62 
Machine_01;10/01/2016 12:48:05; 69 
Machine_02;10/01/2016 12:48:22; 59 
Machine_01;10/01/2016 12:48:22; 48 
Machine_02;10/01/2016 12:48:38; 52 
Machine_01;10/01/2016 12:48:38; 63 
Machine_02;10/01/2016 12:48:55; 69 
Machine_01;10/01/2016 12:48:55; 74 
Machine_02;10/01/2016 12:49:12; 47 
Machine_01;10/01/2016 12:49:12; 71 
Machine_02;10/01/2016 12:49:28; 64 
Machine_01;10/01/2016 12:49:28; 57 
Machine_02;10/01/2016 12:49:44; 72 
Machine_01;10/01/2016 12:49:44; 48 
Machine_02;10/01/2016 12:50:01; 56 
Machine_01;10/01/2016 12:50:01; 74 
Machine_02;10/01/2016 12:50:17; 73 
Machine_01;10/01/2016 12:50:17; 54 
Machine_02;10/01/2016 12:50:33; 65 
Machine_01;10/01/2016 12:50:33; 74 
Machine_02;10/01/2016 12:50:49; 60 
Machine_01;10/01/2016 12:50:49; 45 
Machine_02;10/01/2016 12:51:06; 54 
Machine_01;10/01/2016 12:51:06; 53 
Machine_02;10/01/2016 12:51:22; 55 
Machine_01;10/01/2016 12:51:22; 69 
Machine_02;10/01/2016 12:51:39; 61 
Machine_01;10/01/2016 12:51:39; 70 
Machine_02;10/01/2016 12:51:55; 70 
Machine_01;10/01/2016 12:51:55; 75 
Machine_02;10/01/2016 12:52:11; 65 
Machine_01;10/01/2016 12:52:11; 49 
Machine_02;10/01/2016 12:52:27; 45 
Machine_01;10/01/2016 12:52:27; 45 
Machine_02;10/01/2016 12:52:44; 47 
Machine_01;10/01/2016 12:52:44; 68 
Machine_02;10/01/2016 12:53:00; 55 
Machine_01;10/01/2016 12:53:00; 51 
Machine_02;10/01/2016 12:53:16; 49 
Machine_01;10/01/2016 12:53:16; 71 
Machine_02;10/01/2016 12:53:33; 65 
Machine_01;10/01/2016 12:53:33; 71 
Machine_02;10/01/2016 12:53:49; 75 
Machine_01;10/01/2016 12:53:49; 61 
Machine_02;10/01/2016 12:54:06; 53 
Machine_01;10/01/2016 12:54:06; 58 
Machine_02;10/01/2016 12:54:22; 63 
Machine_01;10/01/2016 12:54:22; 68 
Machine_02;10/01/2016 12:54:39; 70 
Machine_01;10/01/2016 12:54:39; 59 
Machine_02;10/01/2016 12:54:56; 46 
Machine_01;10/01/2016 12:54:56; 54 
Machine_02;10/01/2016 12:55:12; 56 
Machine_01;10/01/2016 12:55:12; 64 
Machine_02;10/01/2016 12:55:29; 51 
Machine_01;10/01/2016 12:55:29; 54 
Machine_02;10/01/2016 12:55:45; 48 
Machine_01;10/01/2016 12:55:45; 62 
Machine_02;10/01/2016 12:56:01; 52 
Machine_01;10/01/2016 12:56:01; 70 
Machine_02;10/01/2016 12:56:17; 67 
Machine_01;10/01/2016 12:56:17; 60 
Machine_02;10/01/2016 12:56:34; 73 
Machine_01;10/01/2016 12:56:34; 55 
Machine_02;10/01/2016 12:56:50; 48 
Machine_01;10/01/2016 12:56:50; 54 
Machine_02;10/01/2016 12:57:06; 57 
Machine_01;10/01/2016 12:57:06; 50 
Machine_02;10/01/2016 12:57:23; 61 
Machine_01;10/01/2016 12:57:23; 74 
Machine_02;10/01/2016 12:57:39; 51 
Machine_01;10/01/2016 12:57:39; 55 
Machine_02;10/01/2016 12:57:56; 73 
Machine_01;10/01/2016 12:57:56; 68 
Machine_02;10/01/2016 12:58:12; 64 
Machine_01;10/01/2016 12:58:12; 48 
Machine_02;10/01/2016 12:58:29; 54 
Machine_01;10/01/2016 12:58:29; 63 
Machine_02;10/01/2016 12:58:45; 46 
Machine_01;10/01/2016 12:58:45; 73 
Machine_02;10/01/2016 12:59:02; 48 
Machine_01;10/01/2016 12:59:02; 50 
Machine_02;10/01/2016 12:59:18; 47 
Machine_01;10/01/2016 12:59:18; 64 
Machine_02;10/01/2016 12:59:35; 69 
Machine_01;10/01/2016 12:59:35; 54 
Machine_02;10/01/2016 12:59:52; 51 
Machine_01;10/01/2016 12:59:52; 50 
Machine_02;10/01/2016 13:00:08; 69 
Machine_01;10/01/2016 13:00:08; 53 
Machine_02;10/01/2016 13:00:24; 65 
Machine_01;10/01/2016 13:00:24; 56 
Machine_02;10/01/2016 13:00:41; 61 
Machine_01;10/01/2016 13:00:41; 60 
Machine_02;10/01/2016 13:00:57; 70 
Machine_01;10/01/2016 13:00:57; 67 
Machine_02;10/01/2016 13:01:13; 63 
Machine_01;10/01/2016 13:01:13; 47 
Machine_02;10/01/2016 13:01:29; 52 
Machine_01;10/01/2016 13:01:29; 56 
Machine_02;10/01/2016 13:01:46; 66 
Machine_01;10/01/2016 13:01:46; 60 
Machine_02;10/01/2016 13:02:02; 52 
Machine_01;10/01/2016 13:02:02; 56 
Machine_02;10/01/2016 13:02:19; 45 
Machine_01;10/01/2016 13:02:19; 59 
Machine_02;10/01/2016 13:02:35; 54 
Machine_01;10/01/2016 13:02:35; 50 
Machine_02;10/01/2016 13:02:52; 53 
Machine_01;10/01/2016 13:02:52; 71 
Machine_02;10/01/2016 13:03:08; 65 
Machine_01;10/01/2016 13:03:08; 68 
Machine_02;10/01/2016 13:03:25; 47 
Machine_01;10/01/2016 13:03:25; 48 
Machine_02;10/01/2016 13:03:41; 70 
Machine_01;10/01/2016 13:03:41; 53 
Machine_02;10/01/2016 13:03:58; 61 
Machine_01;10/01/2016 13:03:58; 62 
Machine_02;10/01/2016 13:04:14; 51 
Machine_01;10/01/2016 13:04:14; 64 
Machine_02;10/01/2016 13:04:31; 62 
Machine_01;10/01/2016 13:04:31; 61 
Machine_02;10/01/2016 13:04:47; 64 
Machine_01;10/01/2016 13:04:47; 52 
Machine_02;10/01/2016 13:05:04; 62 
Machine_01;10/01/2016 13:05:04; 45 
Machine_02;10/01/2016 13:05:20; 62 
Machine_01;10/01/2016 13:05:20; 61 
Machine_02;10/01/2016 13:05:37; 65 
Machine_01;10/01/2016 13:05:37; 71 
Machine_02;10/01/2016 13:05:53; 63 
Machine_01;10/01/2016 13:05:53; 48 
Machine_02;10/01/2016 13:06:10; 65 
Machine_01;10/01/2016 13:06:10; 66 
Machine_02;10/01/2016 13:06:26; 60 
Machine_01;10/01/2016 13:06:26; 59 
Machine_02;10/01/2016 13:06:43; 64 
Machine_01;10/01/2016 13:06:43; 61 
Machine_02;10/01/2016 13:06:59; 74 
Machine_01;10/01/2016 13:06:59; 54 
Machine_02;10/01/2016 13:07:16; 71 
Machine_01;10/01/2016 13:07:16; 58 
Machine_02;10/01/2016 13:07:32; 59 
Machine_01;10/01/2016 13:07:32; 67 
Machine_02;10/01/2016 13:07:48; 56 
Machine_01;10/01/2016 13:07:48; 49 
Machine_02;10/01/2016 13:08:05; 57 
Machine_01;10/01/2016 13:08:05; 70 
Machine_02;10/01/2016 13:08:21; 59 
Machine_01;10/01/2016 13:08:21; 73 
Machine_02;10/01/2016 13:08:37; 50 
Machine_01;10/01/2016 13:08:37; 72 
Machine_02;10/01/2016 13:08:53; 68 
Machine_01;10/01/2016 13:08:53; 74 
Machine_02;10/01/2016 13:09:10; 72 
Machine_01;10/01/2016 13:09:10; 67 
Machine_02;10/01/2016 13:09:26; 47 
Machine_01;10/01/2016 13:09:26; 45 
Machine_02;10/01/2016 13:09:43; 51 
Machine_01;10/01/2016 13:09:43; 56 
Machine_02;10/01/2016 13:09:59; 54 
Machine_01;10/01/2016 13:09:59; 49 
Machine_02;10/01/2016 13:10:16; 60 
Machine_01;10/01/2016 13:10:16; 55 
Machine_02;10/01/2016 13:10:32; 48 
Machine_01;10/01/2016 13:10:32; 46 
Machine_02;10/01/2016 13:10:49; 64 
Machine_01;10/01/2016 13:10:49; 55 
Machine_02;10/01/2016 13:11:05; 60 
Machine_01;10/01/2016 13:11:05; 50 
Machine_02;10/01/2016 13:11:22; 67 
Machine_01;10/01/2016 13:11:22; 64 
Machine_02;10/01/2016 13:11:38; 50 
Machine_01;10/01/2016 13:11:38; 52 
Machine_02;10/01/2016 13:11:54; 75 
Machine_01;10/01/2016 13:11:54; 51 
Machine_02;10/01/2016 13:12:10; 56 
Machine_01;10/01/2016 13:12:10; 46 
Machine_02;10/01/2016 13:12:27; 58 
Machine_01;10/01/2016 13:12:27; 46 
Machine_02;10/01/2016 13:12:43; 72 
Machine_01;10/01/2016 13:12:43; 56 
Machine_02;10/01/2016 13:13:00; 55 
Machine_01;10/01/2016 13:13:00; 58 
Machine_02;10/01/2016 13:13:16; 70 
Machine_01;10/01/2016 13:13:16; 50 
Machine_02;10/01/2016 13:13:33; 69 
Machine_01;10/01/2016 13:13:33; 72 
Machine_02;10/01/2016 13:13:49; 61 
Machine_01;10/01/2016 13:13:49; 57 
Machine_02;10/01/2016 13:14:05; 63 
Machine_01;10/01/2016 13:14:05; 49 
Machine_02;10/01/2016 13:14:22; 62 
Machine_01;10/01/2016 13:14:22; 58 
Machine_02;10/01/2016 13:14:38; 58 
Machine_01;10/01/2016 13:14:38; 63 
Machine_02;10/01/2016 13:14:54; 46 
Machine_01;10/01/2016 13:14:54; 48 
Machine_02;10/01/2016 13:15:11; 46 
Machine_01;10/01/2016 13:15:11; 64 
Machine_02;10/01/2016 13:15:27; 75 
Machine_01;10/01/2016 13:15:27; 57 
Machine_02;10/01/2016 13:15:43; 52 
Machine_01;10/01/2016 13:15:43; 69 
Machine_02;10/01/2016 13:16:00; 48 
Machine_01;10/01/2016 13:16:00; 50 
Machine_02;10/01/2016 13:16:16; 60 
Machine_01;10/01/2016 13:16:16; 75 
Machine_02;10/01/2016 13:16:33; 57 
Machine_01;10/01/2016 13:16:33; 49 
Machine_02;10/01/2016 13:16:49; 54 
Machine_01;10/01/2016 13:16:49; 70 
Machine_02;10/01/2016 13:17:06; 74 
Machine_01;10/01/2016 13:17:06; 73 
Machine_02;10/01/2016 13:17:23; 57 
Machine_01;10/01/2016 13:17:23; 67 
Machine_02;10/01/2016 13:17:39; 45 
Machine_01;10/01/2016 13:17:39; 61 
Machine_02;10/01/2016 13:17:56; 51 
Machine_01;10/01/2016 13:17:56; 71 
Machine_02;10/01/2016 13:18:13; 61 
Machine_01;10/01/2016 13:18:13; 73 
Machine_02;10/01/2016 13:18:29; 74 
Machine_01;10/01/2016 13:18:29; 54 
Machine_02;10/01/2016 13:18:45; 64 
Machine_01;10/01/2016 13:18:45; 57 
Machine_02;10/01/2016 13:19:01; 46 
Machine_01;10/01/2016 13:19:01; 62 
Machine_02;10/01/2016 13:19:17; 67 
Machine_01;10/01/2016 13:19:17; 67 
Machine_02;10/01/2016 13:19:33; 65 
Machine_01;10/01/2016 13:19:33; 64 
Machine_02;10/01/2016 13:19:49; 65 
Machine_01;10/01/2016 13:19:49; 47 
Machine_02;10/01/2016 13:20:05; 54 
Machine_01;10/01/2016 13:20:05; 58 
Machine_02;10/01/2016 13:20:21; 62 
Machine_01;10/01/2016 13:20:21; 60 
Machine_02;10/01/2016 13:20:38; 71 
Machine_01;10/01/2016 13:20:38; 46 
Machine_02;10/01/2016 13:20:54; 68 
Machine_01;10/01/2016 13:20:54; 63 
Machine_02;10/01/2016 13:21:10; 55 
Machine_01;10/01/2016 13:21:10; 48 
Machine_02;10/01/2016 13:21:26; 75 
Machine_01;10/01/2016 13:21:26; 70 
Machine_02;10/01/2016 13:21:43; 61 
Machine_01;10/01/2016 13:21:43; 66 
Machine_02;10/01/2016 13:21:59; 67 
Machine_01;10/01/2016 13:21:59; 74 
Machine_02;10/01/2016 13:22:15; 70 
Machine_01;10/01/2016 13:22:15; 64 
Machine_02;10/01/2016 13:22:32; 72 
Machine_01;10/01/2016 13:22:32; 74 
Machine_02;10/01/2016 13:22:48; 61 
Machine_01;10/01/2016 13:22:48; 74 
Machine_02;10/01/2016 13:23:04; 60 
Machine_01;10/01/2016 13:23:04; 61 
Machine_02;10/01/2016 13:23:20; 70 
Machine_01;10/01/2016 13:23:20; 71 
Machine_02;10/01/2016 13:23:36; 67 
Machine_01;10/01/2016 13:23:36; 75 
Machine_02;10/01/2016 13:23:52; 50 
Machine_01;10/01/2016 13:23:52; 50 
Machine_02;10/01/2016 13:24:08; 54 
Machine_01;10/01/2016 13:24:08; 73 
Machine_02;10/01/2016 13:24:24; 64 
Machine_01;10/01/2016 13:24:24; 67 
Machine_02;10/01/2016 13:24:41; 72 
Machine_01;10/01/2016 13:24:41; 71 
Machine_02;10/01/2016 13:24:57; 57 
Machine_01;10/01/2016 13:24:57; 56 
Machine_02;10/01/2016 13:25:13; 72 
Machine_01;10/01/2016 13:25:13; 72 
Machine_02;10/01/2016 13:25:29; 49 
Machine_01;10/01/2016 13:25:29; 45 
Machine_02;10/01/2016 13:25:46; 53 
Machine_01;10/01/2016 13:25:46; 60 
Machine_02;10/01/2016 13:26:02; 72 
Machine_01;10/01/2016 13:26:02; 73 
Machine_02;10/01/2016 13:26:19; 53 
Machine_01;10/01/2016 13:26:19; 53 
Machine_02;10/01/2016 13:26:35; 64 
Machine_01;10/01/2016 13:26:35; 63 
Machine_02;10/01/2016 13:26:52; 64 
Machine_01;10/01/2016 13:26:52; 74 
Machine_02;10/01/2016 13:27:08; 52 
Machine_01;10/01/2016 13:27:08; 68 
Machine_02;10/01/2016 13:27:24; 48 
Machine_01;10/01/2016 13:27:24; 61 
Machine_02;10/01/2016 13:27:41; 61 
Machine_01;10/01/2016 13:27:41; 56 
Machine_02;10/01/2016 13:27:57; 67 
Machine_01;10/01/2016 13:27:57; 67 
Machine_02;10/01/2016 13:28:14; 63 
Machine_01;10/01/2016 13:28:14; 57 
Machine_02;10/01/2016 13:28:30; 67 
Machine_01;10/01/2016 13:28:30; 55 
Machine_02;10/01/2016 13:28:47; 69 
Machine_01;10/01/2016 13:28:47; 66 
Machine_02;10/01/2016 13:29:03; 59 
Machine_01;10/01/2016 13:29:03; 60 
Machine_02;10/01/2016 13:29:20; 51 
Machine_01;10/01/2016 13:29:20; 67 
Machine_02;10/01/2016 13:29:36; 57 
Machine_01;10/01/2016 13:29:36; 55 
Machine_02;10/01/2016 13:29:52; 49 
Machine_01;10/01/2016 13:29:52; 49 
Machine_02;10/01/2016 13:30:08; 47 
Machine_01;10/01/2016 13:30:08; 64 
Machine_02;10/01/2016 13:30:25; 45 
Machine_01;10/01/2016 13:30:25; 70 
Machine_02;10/01/2016 13:30:41; 61 
Machine_01;10/01/2016 13:30:41; 68 
Machine_02;10/01/2016 13:30:58; 59 
Machine_01;10/01/2016 13:30:58; 75 
Machine_02;10/01/2016 13:31:14; 72 
Machine_01;10/01/2016 13:31:14; 54 
Machine_02;10/01/2016 13:31:31; 75 
Machine_01;10/01/2016 13:31:31; 47 
Machine_02;10/01/2016 13:31:47; 47 
Machine_01;10/01/2016 13:31:47; 50 
Machine_02;10/01/2016 13:32:04; 62 
Machine_01;10/01/2016 13:32:04; 62 
Machine_02;10/01/2016 13:32:21; 71 
Machine_01;10/01/2016 13:32:21; 64 
Machine_02;10/01/2016 13:32:37; 68 
Machine_01;10/01/2016 13:32:37; 51 
Machine_02;10/01/2016 13:32:53; 62 
Machine_01;10/01/2016 13:32:53; 53 
Machine_02;10/01/2016 13:33:10; 67 
Machine_01;10/01/2016 13:33:10; 73 
Machine_02;10/01/2016 13:33:26; 68 
Machine_01;10/01/2016 13:33:26; 71 
Machine_02;10/01/2016 13:33:42; 63 
Machine_01;10/01/2016 13:33:42; 70 
Machine_02;10/01/2016 13:33:59; 59 
Machine_01;10/01/2016 13:33:59; 51 
Machine_02;10/01/2016 13:34:15; 66 
Machine_01;10/01/2016 13:34:15; 71 
Machine_02;10/01/2016 13:34:32; 51 
Machine_01;10/01/2016 13:34:32; 55 
Machine_02;10/01/2016 13:34:48; 56 
Machine_01;10/01/2016 13:34:48; 68 
Machine_02;10/01/2016 13:35:05; 47 
Machine_01;10/01/2016 13:35:05; 58 
Machine_02;10/01/2016 13:35:21; 66 
Machine_01;10/01/2016 13:35:21; 46 
Machine_02;10/01/2016 13:35:38; 45 
Machine_01;10/01/2016 13:35:38; 47 
Machine_02;10/01/2016 13:35:54; 73 
Machine_01;10/01/2016 13:35:54; 69 
Machine_02;10/01/2016 13:36:11; 45 
Machine_01;10/01/2016 13:36:11; 52 
Machine_02;10/01/2016 13:36:27; 46 
Machine_01;10/01/2016 13:36:27; 57 
Machine_02;10/01/2016 13:36:44; 49 
Machine_01;10/01/2016 13:36:44; 59 
Machine_02;10/01/2016 13:37:00; 52 
Machine_01;10/01/2016 13:37:00; 67 
Machine_02;10/01/2016 13:37:16; 74 
Machine_01;10/01/2016 13:37:16; 75 
Machine_02;10/01/2016 13:37:33; 55 
Machine_01;10/01/2016 13:37:33; 70 
Machine_02;10/01/2016 13:37:49; 51 
Machine_01;10/01/2016 13:37:49; 75 
Machine_02;10/01/2016 13:38:05; 71 
Machine_01;10/01/2016 13:38:05; 54 
Machine_02;10/01/2016 13:38:22; 57 
Machine_01;10/01/2016 13:38:22; 67 
Machine_02;10/01/2016 13:38:38; 70 
Machine_01;10/01/2016 13:38:38; 74 
Machine_02;10/01/2016 13:38:54; 70 
Machine_01;10/01/2016 13:38:54; 46 
Machine_02;10/01/2016 13:39:11; 62 
Machine_01;10/01/2016 13:39:11; 60 
Machine_02;10/01/2016 13:39:27; 60 
Machine_01;10/01/2016 13:39:27; 54 
Machine_02;10/01/2016 13:39:43; 74 
Machine_01;10/01/2016 13:39:43; 47 
Machine_02;10/01/2016 13:40:00; 60 
Machine_01;10/01/2016 13:40:00; 71 
Machine_02;10/01/2016 13:40:16; 75 
Machine_01;10/01/2016 13:40:16; 59 
Machine_02;10/01/2016 13:40:32; 61 
Machine_01;10/01/2016 13:40:32; 51 
Machine_02;10/01/2016 13:40:49; 70 
Machine_01;10/01/2016 13:40:49; 48 
Machine_02;10/01/2016 13:41:05; 72 
Machine_01;10/01/2016 13:41:05; 71 
Machine_02;10/01/2016 13:41:22; 47 
Machine_01;10/01/2016 13:41:22; 51 
Machine_02;10/01/2016 13:41:38; 60 
Machine_01;10/01/2016 13:41:38; 48 
Machine_02;10/01/2016 13:41:55; 61 
Machine_01;10/01/2016 13:41:55; 50 
Machine_02;10/01/2016 13:42:12; 75 
Machine_01;10/01/2016 13:42:12; 59 
Machine_02;10/01/2016 13:42:28; 67 
Machine_01;10/01/2016 13:42:28; 51 
Machine_02;10/01/2016 13:42:45; 75 
Machine_01;10/01/2016 13:42:45; 74 
Machine_02;10/01/2016 13:43:01; 65 
Machine_01;10/01/2016 13:43:01; 50 
Machine_02;10/01/2016 13:43:17; 61 
Machine_01;10/01/2016 13:43:17; 55 
Machine_02;10/01/2016 13:43:33; 61 
Machine_01;10/01/2016 13:43:33; 71 
Machine_02;10/01/2016 13:43:50; 48 
Machine_01;10/01/2016 13:43:50; 50 
Machine_02;10/01/2016 13:44:06; 71 
Machine_01;10/01/2016 13:44:06; 46 
Machine_02;10/01/2016 13:44:23; 64 
Machine_01;10/01/2016 13:44:23; 72 
Machine_02;10/01/2016 13:44:39; 67 
Machine_01;10/01/2016 13:44:39; 47 
Machine_02;10/01/2016 13:44:55; 50 
Machine_01;10/01/2016 13:44:55; 55 
Machine_02;10/01/2016 13:45:12; 64 
Machine_01;10/01/2016 13:45:12; 71 
Machine_02;10/01/2016 13:45:28; 65 
Machine_01;10/01/2016 13:45:28; 67 
Machine_02;10/01/2016 13:45:44; 71 
Machine_01;10/01/2016 13:45:44; 58 
Machine_02;10/01/2016 13:46:01; 65 
Machine_01;10/01/2016 13:46:01; 64 
Machine_02;10/01/2016 13:46:17; 73 
Machine_01;10/01/2016 13:46:17; 46 
Machine_02;10/01/2016 13:46:34; 47 
Machine_01;10/01/2016 13:46:34; 66 
Machine_02;10/01/2016 13:46:50; 45 
Machine_01;10/01/2016 13:46:50; 61 
Machine_02;10/01/2016 13:47:06; 65 
Machine_01;10/01/2016 13:47:06; 50 
Machine_02;10/01/2016 13:47:23; 68 
Machine_01;10/01/2016 13:47:23; 70 
Machine_02;10/01/2016 13:47:39; 73 
Machine_01;10/01/2016 13:47:39; 50 
Machine_02;10/01/2016 13:47:56; 63 
Machine_01;10/01/2016 13:47:56; 47 
Machine_02;10/01/2016 13:48:12; 72 
Machine_01;10/01/2016 13:48:12; 69 
Machine_02;10/01/2016 13:48:29; 48 
Machine_01;10/01/2016 13:48:29; 67 
Machine_02;10/01/2016 13:48:45; 65 
Machine_01;10/01/2016 13:48:45; 49 
Machine_02;10/01/2016 13:49:02; 56 
Machine_01;10/01/2016 13:49:02; 57 
Machine_02;10/01/2016 13:49:19; 56 
Machine_01;10/01/2016 13:49:19; 62 
Machine_02;10/01/2016 13:49:35; 64 
Machine_01;10/01/2016 13:49:35; 49 
Machine_02;10/01/2016 13:49:52; 48 
Machine_01;10/01/2016 13:49:52; 50 
Machine_02;10/01/2016 13:50:08; 60 
Machine_01;10/01/2016 13:50:08; 58 
Machine_02;10/01/2016 13:50:25; 64 
Machine_01;10/01/2016 13:50:25; 73 
Machine_02;10/01/2016 13:50:41; 68 
Machine_01;10/01/2016 13:50:41; 62 
Machine_02;10/01/2016 13:50:58; 62 
Machine_01;10/01/2016 13:50:58; 72 
Machine_02;10/01/2016 13:51:15; 60 
Machine_01;10/01/2016 13:51:15; 68 
Machine_02;10/01/2016 13:51:31; 53 
Machine_01;10/01/2016 13:51:31; 72 
Machine_02;10/01/2016 13:51:48; 54 
Machine_01;10/01/2016 13:51:48; 51 
Machine_02;10/01/2016 13:52:04; 68 
Machine_01;10/01/2016 13:52:04; 45 
Machine_02;10/01/2016 13:52:20; 61 
Machine_01;10/01/2016 13:52:20; 70 
Machine_02;10/01/2016 13:52:37; 51 
Machine_01;10/01/2016 13:52:37; 58 
Machine_02;10/01/2016 13:52:53; 58 
Machine_01;10/01/2016 13:52:53; 64 
Machine_02;10/01/2016 13:53:09; 54 
Machine_01;10/01/2016 13:53:09; 56 
Machine_02;10/01/2016 13:53:26; 72 
Machine_01;10/01/2016 13:53:26; 63 
Machine_02;10/01/2016 13:53:42; 63 
Machine_01;10/01/2016 13:53:42; 63 
Machine_02;10/01/2016 13:53:58; 72 
Machine_01;10/01/2016 13:53:58; 71 
Machine_02;10/01/2016 13:54:15; 68 
Machine_01;10/01/2016 13:54:15; 68 
Machine_02;10/01/2016 13:54:31; 46 
Machine_01;10/01/2016 13:54:31; 68 
Machine_02;10/01/2016 13:54:48; 67 
Machine_01;10/01/2016 13:54:48; 60 
Machine_02;10/01/2016 13:55:04; 45 
Machine_01;10/01/2016 13:55:04; 59 
Machine_02;10/01/2016 13:55:20; 72 
Machine_01;10/01/2016 13:55:20; 48 
Machine_02;10/01/2016 13:55:37; 50 
Machine_01;10/01/2016 13:55:37; 65 
Machine_02;10/01/2016 13:55:53; 63 
Machine_01;10/01/2016 13:55:53; 62 
Machine_02;10/01/2016 13:56:10; 68 
Machine_01;10/01/2016 13:56:10; 58 
Machine_02;10/01/2016 13:56:27; 51 
Machine_01;10/01/2016 13:56:27; 75 
Machine_02;10/01/2016 13:56:43; 58 
Machine_01;10/01/2016 13:56:43; 62 
Machine_02;10/01/2016 13:57:00; 60 
Machine_01;10/01/2016 13:57:00; 48 
Machine_02;10/01/2016 13:57:16; 45 
Machine_01;10/01/2016 13:57:16; 63 
Machine_02;10/01/2016 13:57:33; 64 
Machine_01;10/01/2016 13:57:33; 65 
Machine_02;10/01/2016 13:57:49; 47 
Machine_01;10/01/2016 13:57:49; 48 
Machine_02;10/01/2016 13:58:06; 47 
Machine_01;10/01/2016 13:58:06; 53 
Machine_02;10/01/2016 13:58:22; 49 
Machine_01;10/01/2016 13:58:22; 51 
Machine_02;10/01/2016 13:58:38; 54 
Machine_01;10/01/2016 13:58:38; 55 
Machine_02;10/01/2016 13:58:55; 53 
Machine_01;10/01/2016 13:58:55; 73 
Machine_02;10/01/2016 13:59:12; 55 
Machine_01;10/01/2016 13:59:12; 48 
Machine_02;10/01/2016 13:59:28; 65 
Machine_01;10/01/2016 13:59:28; 71 
Machine_02;10/01/2016 13:59:44; 47 
Machine_01;10/01/2016 13:59:44; 69 
Machine_02;10/01/2016 14:00:00; 60 
Machine_01;10/01/2016 14:00:00; 64 
Machine_02;10/01/2016 14:00:17; 46 
Machine_01;10/01/2016 14:00:17; 65 
Machine_02;10/01/2016 14:00:33; 62 
Machine_01;10/01/2016 14:00:33; 75 
Machine_02;10/01/2016 14:00:49; 54 
Machine_01;10/01/2016 14:00:49; 53 
Machine_02;10/01/2016 14:01:06; 64 
Machine_01;10/01/2016 14:01:06; 69 
Machine_02;10/01/2016 14:01:22; 54 
Machine_01;10/01/2016 14:01:22; 58 
Machine_02;10/01/2016 14:01:38; 52 
Machine_01;10/01/2016 14:01:38; 65 
Machine_02;10/01/2016 14:01:55; 56 
Machine_01;10/01/2016 14:01:55; 66 
Machine_02;10/01/2016 14:02:11; 58 
Machine_01;10/01/2016 14:02:11; 62 
Machine_02;10/01/2016 14:02:27; 50 
Machine_01;10/01/2016 14:02:27; 45 
Machine_02;10/01/2016 14:02:43; 62 
Machine_01;10/01/2016 14:02:43; 63 
Machine_02;10/01/2016 14:02:59; 53 
Machine_01;10/01/2016 14:02:59; 62 
Machine_02;10/01/2016 14:03:16; 59 
Machine_01;10/01/2016 14:03:16; 64 
Machine_02;10/01/2016 14:03:32; 67 
Machine_01;10/01/2016 14:03:32; 47 
Machine_02;10/01/2016 14:03:48; 69 
Machine_01;10/01/2016 14:03:48; 60 
Machine_02;10/01/2016 14:04:04; 58 
Machine_01;10/01/2016 14:04:04; 75 
Machine_02;10/01/2016 14:04:20; 64 
Machine_01;10/01/2016 14:04:20; 52 
Machine_02;10/01/2016 14:04:37; 49 
Machine_01;10/01/2016 14:04:37; 63 
Machine_02;10/01/2016 14:04:53; 64 
Machine_01;10/01/2016 14:04:53; 75 
Machine_02;10/01/2016 14:05:09; 54 
Machine_01;10/01/2016 14:05:09; 66 
Machine_02;10/01/2016 14:05:26; 62 
Machine_01;10/01/2016 14:05:26; 67 
Machine_02;10/01/2016 14:05:42; 50 
Machine_01;10/01/2016 14:05:42; 66 
Machine_02;10/01/2016 14:05:58; 63 
Machine_01;10/01/2016 14:05:58; 74 
Machine_02;10/01/2016 14:06:15; 59 
Machine_01;10/01/2016 14:06:15; 58 
Machine_02;10/01/2016 14:06:31; 49 
Machine_01;10/01/2016 14:06:31; 72 
Machine_02;10/01/2016 14:06:47; 49 
Machine_01;10/01/2016 14:06:47; 68 
Machine_02;10/01/2016 14:07:03; 64 
Machine_01;10/01/2016 14:07:03; 57 
Machine_02;10/01/2016 14:07:19; 61 
Machine_01;10/01/2016 14:07:19; 55 
Machine_02;10/01/2016 14:07:35; 55 
Machine_01;10/01/2016 14:07:35; 60 
Machine_02;10/01/2016 14:07:52; 73 
Machine_01;10/01/2016 14:07:52; 51 
Machine_02;10/01/2016 14:08:08; 62 
Machine_01;10/01/2016 14:08:08; 52 
Machine_02;10/01/2016 14:08:24; 50 
Machine_01;10/01/2016 14:08:24; 64 
Machine_02;10/01/2016 14:08:41; 74 
Machine_01;10/01/2016 14:08:41; 71 
Machine_02;10/01/2016 14:08:57; 75 
Machine_01;10/01/2016 14:08:57; 67 
Machine_02;10/01/2016 14:09:14; 60 
Machine_01;10/01/2016 14:09:14; 67 
Machine_02;10/01/2016 14:09:30; 56 
Machine_01;10/01/2016 14:09:30; 54 
Machine_02;10/01/2016 14:09:47; 62 
Machine_01;10/01/2016 14:09:47; 62 
Machine_02;10/01/2016 14:10:03; 61 
Machine_01;10/01/2016 14:10:03; 74 
Machine_02;10/01/2016 14:10:20; 57 
Machine_01;10/01/2016 14:10:20; 53 
Machine_02;10/01/2016 14:10:36; 74 
Machine_01;10/01/2016 14:10:36; 61 
Machine_02;10/01/2016 14:10:52; 53 
Machine_01;10/01/2016 14:10:52; 71 
Machine_02;10/01/2016 14:11:09; 46 
Machine_01;10/01/2016 14:11:09; 47 
Machine_02;10/01/2016 14:11:25; 67 
Machine_01;10/01/2016 14:11:25; 72 
Machine_02;10/01/2016 14:11:41; 56 
Machine_01;10/01/2016 14:11:41; 69 
Machine_02;10/01/2016 14:11:57; 56 
Machine_01;10/01/2016 14:11:57; 60 
Machine_02;10/01/2016 14:12:13; 66 
Machine_01;10/01/2016 14:12:13; 68 
Machine_02;10/01/2016 14:12:30; 61 
Machine_01;10/01/2016 14:12:30; 70 
Machine_02;10/01/2016 14:12:46; 58 
Machine_01;10/01/2016 14:12:46; 49 
Machine_02;10/01/2016 14:13:02; 49 
Machine_01;10/01/2016 14:13:02; 48 
Machine_02;10/01/2016 14:13:19; 54 
Machine_01;10/01/2016 14:13:19; 55 
Machine_02;10/01/2016 14:13:35; 70 
Machine_01;10/01/2016 14:13:35; 47 
Machine_02;10/01/2016 14:13:51; 45 
Machine_01;10/01/2016 14:13:51; 47 
Machine_02;10/01/2016 14:14:08; 62 
Machine_01;10/01/2016 14:14:08; 69 
Machine_02;10/01/2016 14:14:24; 73 
Machine_01;10/01/2016 14:14:24; 69 
Machine_02;10/01/2016 14:14:40; 52 
Machine_01;10/01/2016 14:14:40; 66 
Machine_02;10/01/2016 14:14:56; 61 
Machine_01;10/01/2016 14:14:56; 75 
Machine_02;10/01/2016 14:15:13; 60 
Machine_01;10/01/2016 14:15:13; 70 
Machine_02;10/01/2016 14:15:29; 55 
Machine_01;10/01/2016 14:15:29; 46 
Machine_02;10/01/2016 14:15:45; 47 
Machine_01;10/01/2016 14:15:45; 73 
Machine_02;10/01/2016 14:16:01; 63 
Machine_01;10/01/2016 14:16:01; 47 
Machine_02;10/01/2016 14:16:18; 64 
Machine_01;10/01/2016 14:16:18; 75 
Machine_02;10/01/2016 14:16:34; 45 
Machine_01;10/01/2016 14:16:34; 47 
Machine_02;10/01/2016 14:16:51; 68 
Machine_01;10/01/2016 14:16:51; 51 
Machine_02;10/01/2016 14:17:08; 73 
Machine_01;10/01/2016 14:17:08; 60 
Machine_02;10/01/2016 14:17:24; 48 
Machine_01;10/01/2016 14:17:24; 57 
Machine_02;10/01/2016 14:17:40; 73 
Machine_01;10/01/2016 14:17:40; 69 
Machine_02;10/01/2016 14:17:57; 50 
Machine_01;10/01/2016 14:17:57; 56 
Machine_02;10/01/2016 14:18:13; 74 
Machine_01;10/01/2016 14:18:13; 57 
Machine_02;10/01/2016 14:18:29; 71 
Machine_01;10/01/2016 14:18:29; 69 
Machine_02;10/01/2016 14:18:46; 65 
Machine_01;10/01/2016 14:18:46; 64 
Machine_02;10/01/2016 14:19:02; 71 
Machine_01;10/01/2016 14:19:02; 73 
Machine_02;10/01/2016 14:19:19; 56 
Machine_01;10/01/2016 14:19:19; 67 
Machine_02;10/01/2016 14:19:35; 68 
Machine_01;10/01/2016 14:19:35; 45 
Machine_02;10/01/2016 14:19:51; 53 
Machine_01;10/01/2016 14:19:51; 65 
Machine_02;10/01/2016 14:20:07; 59 
Machine_01;10/01/2016 14:20:07; 74 
Machine_02;10/01/2016 14:20:24; 64 
Machine_01;10/01/2016 14:20:24; 62 
Machine_02;10/01/2016 14:20:40; 50 
Machine_01;10/01/2016 14:20:40; 58 
Machine_02;10/01/2016 14:20:56; 54 
Machine_01;10/01/2016 14:20:56; 63 
Machine_02;10/01/2016 14:21:12; 53 
Machine_01;10/01/2016 14:21:12; 51 
Machine_02;10/01/2016 14:21:29; 62 
Machine_01;10/01/2016 14:21:29; 66 
Machine_02;10/01/2016 14:21:45; 66 
Machine_01;10/01/2016 14:21:45; 71 
Machine_02;10/01/2016 14:22:01; 53 
Machine_01;10/01/2016 14:22:01; 65 
Machine_02;10/01/2016 14:22:17; 52 
Machine_01;10/01/2016 14:22:17; 46 
Machine_02;10/01/2016 14:22:33; 62 
Machine_01;10/01/2016 14:22:33; 53 
Machine_02;10/01/2016 14:22:49; 57 
Machine_01;10/01/2016 14:22:49; 64 
Machine_02;10/01/2016 14:23:05; 47 
Machine_01;10/01/2016 14:23:05; 48 
Machine_02;10/01/2016 14:23:22; 50 
Machine_01;10/01/2016 14:23:22; 72 
Machine_02;10/01/2016 14:23:38; 54 
Machine_01;10/01/2016 14:23:38; 65 
Machine_02;10/01/2016 14:23:54; 69 
Machine_01;10/01/2016 14:23:54; 45 
Machine_02;10/01/2016 14:24:10; 52 
Machine_01;10/01/2016 14:24:10; 46 
Machine_02;10/01/2016 14:24:26; 71 
Machine_01;10/01/2016 14:24:26; 48 
Machine_02;10/01/2016 14:24:42; 75 
Machine_01;10/01/2016 14:24:42; 68 
Machine_02;10/01/2016 14:24:59; 67 
Machine_01;10/01/2016 14:24:59; 73 
Machine_02;10/01/2016 14:25:15; 56 
Machine_01;10/01/2016 14:25:15; 46 
Machine_02;10/01/2016 14:25:31; 69 
Machine_01;10/01/2016 14:25:31; 54 
Machine_02;10/01/2016 14:25:47; 50 
Machine_01;10/01/2016 14:25:47; 75 
Machine_02;10/01/2016 14:26:03; 64 
Machine_01;10/01/2016 14:26:03; 69 
Machine_02;10/01/2016 14:26:19; 70 
Machine_01;10/01/2016 14:26:19; 62 
Machine_02;10/01/2016 14:26:36; 48 
Machine_01;10/01/2016 14:26:36; 61 
Machine_02;10/01/2016 14:26:52; 45 
Machine_01;10/01/2016 14:26:52; 66 
Machine_02;10/01/2016 14:27:09; 57 
Machine_01;10/01/2016 14:27:09; 51 
Machine_02;10/01/2016 14:27:25; 60 
Machine_01;10/01/2016 14:27:25; 47 
Machine_02;10/01/2016 14:27:41; 69 
Machine_01;10/01/2016 14:27:41; 51 
Machine_02;10/01/2016 14:27:58; 61 
Machine_01;10/01/2016 14:27:58; 55 
Machine_02;10/01/2016 14:28:14; 74 
Machine_01;10/01/2016 14:28:14; 71 
Machine_02;10/01/2016 14:28:30; 57 
Machine_01;10/01/2016 14:28:30; 53 
Machine_02;10/01/2016 14:28:46; 55 
Machine_01;10/01/2016 14:28:46; 75 
Machine_02;10/01/2016 14:29:02; 51 
Machine_01;10/01/2016 14:29:02; 70 
Machine_02;10/01/2016 14:29:18; 53 
Machine_01;10/01/2016 14:29:18; 47 
Machine_02;10/01/2016 14:29:35; 70 
Machine_01;10/01/2016 14:29:35; 55 
Machine_02;10/01/2016 14:29:51; 72 
Machine_01;10/01/2016 14:29:51; 46 
Machine_02;10/01/2016 14:30:08; 70 
Machine_01;10/01/2016 14:30:08; 50 
Machine_02;10/01/2016 14:30:24; 67 
Machine_01;10/01/2016 14:30:24; 72 
Machine_02;10/01/2016 14:30:41; 48 
Machine_01;10/01/2016 14:30:41; 55 
Machine_02;10/01/2016 14:30:57; 53 
Machine_01;10/01/2016 14:30:57; 67 
Machine_02;10/01/2016 14:31:14; 55 
Machine_01;10/01/2016 14:31:14; 68 
Machine_02;10/01/2016 14:31:30; 54 
Machine_01;10/01/2016 14:31:30; 65 
Machine_02;10/01/2016 14:31:47; 64 
Machine_01;10/01/2016 14:31:47; 59 
Machine_02;10/01/2016 14:32:03; 67 
Machine_01;10/01/2016 14:32:03; 58 
Machine_02;10/01/2016 14:32:20; 58 
Machine_01;10/01/2016 14:32:20; 58 
Machine_02;10/01/2016 14:32:37; 61 
Machine_01;10/01/2016 14:32:37; 71 
Machine_02;10/01/2016 14:32:53; 47 
Machine_01;10/01/2016 14:32:53; 47 
Machine_02;10/01/2016 14:33:09; 45 
Machine_01;10/01/2016 14:33:09; 48 
Machine_02;10/01/2016 14:33:26; 74 
Machine_01;10/01/2016 14:33:26; 47 
Machine_02;10/01/2016 14:33:42; 72 
Machine_01;10/01/2016 14:33:42; 54 
Machine_02;10/01/2016 14:33:58; 51 
Machine_01;10/01/2016 14:33:58; 65 
Machine_02;10/01/2016 14:34:15; 59 
Machine_01;10/01/2016 14:34:15; 65 
Machine_02;10/01/2016 14:34:31; 56 
Machine_01;10/01/2016 14:34:31; 71 
Machine_02;10/01/2016 14:34:48; 67 
Machine_01;10/01/2016 14:34:48; 57 
Machine_02;10/01/2016 14:35:04; 54 
Machine_01;10/01/2016 14:35:04; 55 
Machine_02;10/01/2016 14:35:21; 49 
Machine_01;10/01/2016 14:35:21; 63 
Machine_02;10/01/2016 14:35:37; 68 
Machine_01;10/01/2016 14:35:37; 55 
Machine_02;10/01/2016 14:35:54; 69 
Machine_01;10/01/2016 14:35:54; 74 
Machine_02;10/01/2016 14:36:10; 53 
Machine_01;10/01/2016 14:36:10; 56 
Machine_02;10/01/2016 14:36:27; 74 
Machine_01;10/01/2016 14:36:27; 51 
Machine_02;10/01/2016 14:36:43; 67 
Machine_01;10/01/2016 14:36:43; 56 
Machine_02;10/01/2016 14:37:00; 73 
Machine_01;10/01/2016 14:37:00; 62 
Machine_02;10/01/2016 14:37:17; 70 
Machine_01;10/01/2016 14:37:17; 45 
Machine_02;10/01/2016 14:37:33; 69 
Machine_01;10/01/2016 14:37:33; 49 
Machine_02;10/01/2016 14:37:49; 50 
Machine_01;10/01/2016 14:37:49; 67 
Machine_02;10/01/2016 14:38:05; 60 
Machine_01;10/01/2016 14:38:05; 70 
Machine_02;10/01/2016 14:38:22; 59 
Machine_01;10/01/2016 14:38:22; 63 
Machine_02;10/01/2016 14:38:38; 72 
Machine_01;10/01/2016 14:38:38; 59 
Machine_02;10/01/2016 14:38:54; 74 
Machine_01;10/01/2016 14:38:54; 65 
Machine_02;10/01/2016 14:39:11; 56 
Machine_01;10/01/2016 14:39:11; 51 
Machine_02;10/01/2016 14:39:27; 65 
Machine_01;10/01/2016 14:39:27; 49 
Machine_02;10/01/2016 14:39:44; 73 
Machine_01;10/01/2016 14:39:44; 72 
Machine_02;10/01/2016 14:40:00; 57 
Machine_01;10/01/2016 14:40:00; 60 
Machine_02;10/01/2016 14:40:17; 45 
Machine_01;10/01/2016 14:40:17; 45 
Machine_02;10/01/2016 14:40:33; 47 
Machine_01;10/01/2016 14:40:33; 56 
Machine_02;10/01/2016 14:40:50; 70 
Machine_01;10/01/2016 14:40:50; 75 
Machine_02;10/01/2016 14:41:06; 65 
Machine_01;10/01/2016 14:41:06; 45 
Machine_02;10/01/2016 14:41:23; 62 
Machine_01;10/01/2016 14:41:23; 47 
Machine_02;10/01/2016 14:41:39; 49 
Machine_01;10/01/2016 14:41:39; 63 
Machine_02;10/01/2016 14:41:56; 48 
Machine_01;10/01/2016 14:41:56; 55 
Machine_02;10/01/2016 14:42:12; 57 
Machine_01;10/01/2016 14:42:12; 60 
Machine_02;10/01/2016 14:42:29; 53 
Machine_01;10/01/2016 14:42:29; 69 
Machine_02;10/01/2016 14:42:45; 50 
Machine_01;10/01/2016 14:42:45; 70 
Machine_02;10/01/2016 14:43:01; 75 
Machine_01;10/01/2016 14:43:01; 67 
Machine_02;10/01/2016 14:43:18; 47 
Machine_01;10/01/2016 14:43:18; 49 
Machine_02;10/01/2016 14:43:34; 63 
Machine_01;10/01/2016 14:43:34; 66 
Machine_02;10/01/2016 14:43:50; 52 
Machine_01;10/01/2016 14:43:50; 57 
Machine_02;10/01/2016 14:44:07; 58 
Machine_01;10/01/2016 14:44:07; 73 
Machine_02;10/01/2016 14:44:23; 74 
Machine_01;10/01/2016 14:44:23; 70 
Machine_02;10/01/2016 14:44:40; 61 
Machine_01;10/01/2016 14:44:40; 61 
Machine_02;10/01/2016 14:44:56; 58 
Machine_01;10/01/2016 14:44:56; 71 
Machine_02;10/01/2016 14:45:13; 55 
Machine_01;10/01/2016 14:45:13; 61 
Machine_02;10/01/2016 14:45:29; 68 
Machine_01;10/01/2016 14:45:29; 58 
Machine_02;10/01/2016 14:45:45; 65 
Machine_01;10/01/2016 14:45:45; 53 
Machine_02;10/01/2016 14:46:01; 45 
Machine_01;10/01/2016 14:46:01; 65 
Machine_02;10/01/2016 14:46:18; 74 
Machine_01;10/01/2016 14:46:18; 68 
Machine_02;10/01/2016 14:46:34; 59 
Machine_01;10/01/2016 14:46:34; 75 
Machine_02;10/01/2016 14:46:51; 60 
Machine_01;10/01/2016 14:46:51; 72 
Machine_02;10/01/2016 14:47:07; 59 
Machine_01;10/01/2016 14:47:07; 74 
Machine_02;10/01/2016 14:47:24; 46 
Machine_01;10/01/2016 14:47:24; 69 
Machine_02;10/01/2016 14:47:40; 54 
Machine_01;10/01/2016 14:47:40; 54 
Machine_02;10/01/2016 14:47:57; 58 
Machine_01;10/01/2016 14:47:57; 68 
Machine_02;10/01/2016 14:48:13; 58 
Machine_01;10/01/2016 14:48:13; 69 
Machine_02;10/01/2016 14:48:29; 69 
Machine_01;10/01/2016 14:48:29; 55 
Machine_02;10/01/2016 14:48:46; 75 
Machine_01;10/01/2016 14:48:46; 45 
Machine_02;10/01/2016 14:49:02; 45 
Machine_01;10/01/2016 14:49:02; 53 
Machine_02;10/01/2016 14:49:18; 59 
Machine_01;10/01/2016 14:49:18; 69 
Machine_02;10/01/2016 14:49:35; 52 
Machine_01;10/01/2016 14:49:35; 54 
Machine_02;10/01/2016 14:49:51; 57 
Machine_01;10/01/2016 14:49:51; 61 
Machine_02;10/01/2016 14:50:08; 60 
Machine_01;10/01/2016 14:50:08; 49 
Machine_02;10/01/2016 14:50:25; 69 
Machine_01;10/01/2016 14:50:25; 68 
Machine_02;10/01/2016 14:50:41; 65 
Machine_01;10/01/2016 14:50:41; 69 
Machine_02;10/01/2016 14:50:58; 72 
Machine_01;10/01/2016 14:50:58; 75 
Machine_02;10/01/2016 14:51:14; 67 
Machine_01;10/01/2016 14:51:14; 59 
Machine_02;10/01/2016 14:51:30; 72 
Machine_01;10/01/2016 14:51:30; 53 
Machine_02;10/01/2016 14:51:47; 45 
Machine_01;10/01/2016 14:51:47; 52 
Machine_02;10/01/2016 14:52:03; 60 
Machine_01;10/01/2016 14:52:03; 54 
Machine_02;10/01/2016 14:52:19; 68 
Machine_01;10/01/2016 14:52:19; 64 
Machine_02;10/01/2016 14:52:36; 58 
Machine_01;10/01/2016 14:52:36; 56 
Machine_02;10/01/2016 14:52:52; 74 
Machine_01;10/01/2016 14:52:52; 52 
Machine_02;10/01/2016 14:53:09; 66 
Machine_01;10/01/2016 14:53:09; 67 
Machine_02;10/01/2016 14:53:25; 71 
Machine_01;10/01/2016 14:53:25; 70 
Machine_02;10/01/2016 14:53:42; 54 
Machine_01;10/01/2016 14:53:42; 54 
Machine_02;10/01/2016 14:53:58; 50 
Machine_01;10/01/2016 14:53:58; 58 
Machine_02;10/01/2016 14:54:15; 61 
Machine_01;10/01/2016 14:54:15; 66 
Machine_02;10/01/2016 14:54:32; 53 
Machine_01;10/01/2016 14:54:32; 57 
Machine_02;10/01/2016 14:54:48; 54 
Machine_01;10/01/2016 14:54:48; 64 
Machine_02;10/01/2016 14:55:05; 59 
Machine_01;10/01/2016 14:55:05; 49 
Machine_02;10/01/2016 14:55:21; 52 
Machine_01;10/01/2016 14:55:21; 72 
Machine_02;10/01/2016 14:55:37; 53 
Machine_01;10/01/2016 14:55:37; 62 
Machine_02;10/01/2016 19:31:07; 60 
Machine_01;10/01/2016 19:31:07; 53 
Machine_02;10/01/2016 19:31:24; 68 
Machine_01;10/01/2016 19:31:24; 54 
Machine_02;10/01/2016 19:31:41; 63 
Machine_01;10/01/2016 19:31:41; 66 
Machine_02;10/01/2016 19:31:57; 70 
Machine_01;10/01/2016 19:31:57; 60 
Machine_02;10/01/2016 19:32:14; 72 
Machine_01;10/01/2016 19:32:14; 57 
Machine_02;10/01/2016 19:32:30; 57 
Machine_01;10/01/2016 19:32:30; 69 
Machine_02;10/01/2016 19:32:47; 50 
Machine_01;10/01/2016 19:32:47; 72 
Machine_02;10/01/2016 19:33:03; 49 
Machine_01;10/01/2016 19:33:03; 75 
Machine_02;10/01/2016 19:33:19; 63 
Machine_01;10/01/2016 19:33:19; 57 
Machine_02;10/01/2016 19:33:36; 52 
Machine_01;10/01/2016 19:33:36; 59 
Machine_02;10/01/2016 19:33:52; 73 
Machine_01;10/01/2016 19:33:52; 69 
Machine_02;10/01/2016 19:34:08; 47 
Machine_01;10/01/2016 19:34:08; 62 
Machine_02;10/01/2016 19:34:25; 60 
Machine_01;10/01/2016 19:34:25; 75 
Machine_02;10/01/2016 19:34:41; 70 
Machine_01;10/01/2016 19:34:41; 48 
Machine_02;10/01/2016 19:34:57; 47 
Machine_01;10/01/2016 19:34:57; 73 
Machine_02;10/01/2016 19:35:14; 50 
Machine_01;10/01/2016 19:35:14; 47 
Machine_02;10/01/2016 19:35:30; 47 
Machine_01;10/01/2016 19:35:30; 69 
Machine_02;10/01/2016 19:35:47; 73 