Machine;Timestamp; Anomaly_trend 
machine_01;10/01/2016 05:32:16; 12 
machine_02;10/01/2016 05:32:16; 45 
machine_01;10/01/2016 05:32:32; 19 
machine_02;10/01/2016 05:32:32; 32 
machine_01;10/01/2016 05:32:48; 37 
machine_02;10/01/2016 05:32:48; 44 
machine_01;10/01/2016 05:33:04; 45 
machine_02;10/01/2016 05:33:04; 22 
machine_01;10/01/2016 05:33:20; 37 
machine_02;10/01/2016 05:33:20; 33 
machine_01;10/01/2016 05:33:36; 38 
machine_02;10/01/2016 05:33:36; 28 
machine_01;10/01/2016 05:33:53; 33 
machine_02;10/01/2016 05:33:53; 27 
machine_01;10/01/2016 05:34:09; 26 
machine_02;10/01/2016 05:34:09; 5 
machine_01;10/01/2016 05:34:25; 8 
machine_02;10/01/2016 05:34:25; 5 
machine_01;10/01/2016 05:34:42; 37 
machine_02;10/01/2016 05:34:42; 48 
machine_01;10/01/2016 05:34:58; 54 
machine_02;10/01/2016 05:34:58; 50 
machine_01;10/01/2016 05:35:14; 8 
machine_02;10/01/2016 05:35:14; 44 
machine_01;10/01/2016 05:35:31; 44 
machine_02;10/01/2016 05:35:31; 34 
machine_01;10/01/2016 05:35:47; 46 
machine_02;10/01/2016 05:35:47; 5 
machine_01;10/01/2016 05:36:03; 48 
machine_02;10/01/2016 05:36:03; 14 
machine_01;10/01/2016 05:36:20; 36 
machine_02;10/01/2016 05:36:20; 33 
machine_01;10/01/2016 05:36:36; 27 
machine_02;10/01/2016 05:36:36; 27 
machine_01;10/01/2016 05:36:52; 48 
machine_02;10/01/2016 05:36:52; 5 
machine_01;10/01/2016 05:37:09; 25 
machine_02;10/01/2016 05:37:09; 7 
machine_01;10/01/2016 05:37:25; 20 
machine_02;10/01/2016 05:37:25; 17 
machine_01;10/01/2016 05:37:41; 37 
machine_02;10/01/2016 05:37:41; 5 
machine_01;10/01/2016 05:37:57; 22 
machine_02;10/01/2016 05:37:57; 41 
machine_01;10/01/2016 05:38:14; 5 
machine_02;10/01/2016 05:38:14; 30 
machine_01;10/01/2016 05:38:30; 6 
machine_02;10/01/2016 05:38:30; 49 
machine_01;10/01/2016 05:38:46; 27 
machine_02;10/01/2016 05:38:46; 15 
machine_01;10/01/2016 05:39:03; 54 
machine_02;10/01/2016 05:39:03; 25 
machine_01;10/01/2016 05:39:19; 36 
machine_02;10/01/2016 05:39:19; 38 
machine_01;10/01/2016 05:39:35; 17 
machine_02;10/01/2016 05:39:35; 46 
machine_01;10/01/2016 05:39:51; 24 
machine_02;10/01/2016 05:39:51; 47 
machine_01;10/01/2016 05:40:07; 45 
machine_02;10/01/2016 05:40:07; 40 
machine_01;10/01/2016 05:40:23; 45 
machine_02;10/01/2016 05:40:23; 36 
machine_01;10/01/2016 05:40:40; 9 
machine_02;10/01/2016 05:40:40; 53 
machine_01;10/01/2016 05:40:56; 51 
machine_02;10/01/2016 05:40:56; 7 
machine_01;10/01/2016 05:41:12; 54 
machine_02;10/01/2016 05:41:12; 33 
machine_01;10/01/2016 05:41:28; 44 
machine_02;10/01/2016 05:41:28; 20 
machine_01;10/01/2016 05:41:45; 20 
machine_02;10/01/2016 05:41:45; 29 
machine_01;10/01/2016 05:42:01; 30 
machine_02;10/01/2016 05:42:01; 27 
machine_01;10/01/2016 05:42:17; 21 
machine_02;10/01/2016 05:42:17; 43 
machine_01;10/01/2016 05:42:33; 20 
machine_02;10/01/2016 05:42:33; 53 
machine_01;10/01/2016 05:42:50; 34 
machine_02;10/01/2016 05:42:50; 31 
machine_01;10/01/2016 05:43:06; 44 
machine_02;10/01/2016 05:43:06; 15 
machine_01;10/01/2016 05:43:22; 19 
machine_02;10/01/2016 05:43:22; 28 
machine_01;10/01/2016 05:43:38; 10 
machine_02;10/01/2016 05:43:38; 11 
machine_01;10/01/2016 05:43:54; 44 
machine_02;10/01/2016 05:43:54; 40 
machine_01;10/01/2016 05:44:10; 44 
machine_02;10/01/2016 05:44:10; 48 
machine_01;10/01/2016 05:44:26; 41 
machine_02;10/01/2016 05:44:26; 27 
machine_01;10/01/2016 05:44:42; 36 
machine_02;10/01/2016 05:44:42; 21 
machine_01;10/01/2016 05:44:58; 17 
machine_02;10/01/2016 05:44:58; 25 
machine_01;10/01/2016 05:45:14; 23 
machine_02;10/01/2016 05:45:14; 24 
machine_01;10/01/2016 05:45:31; 15 
machine_02;10/01/2016 05:45:31; 13 
machine_01;10/01/2016 05:45:47; 34 
machine_02;10/01/2016 05:45:47; 54 
machine_01;10/01/2016 05:46:03; 34 
machine_02;10/01/2016 05:46:03; 29 
machine_01;10/01/2016 05:46:19; 35 
machine_02;10/01/2016 05:46:19; 23 
machine_01;10/01/2016 05:46:35; 55 
machine_02;10/01/2016 05:46:35; 44 
machine_01;10/01/2016 05:46:52; 13 
machine_02;10/01/2016 05:46:52; 15 
machine_01;10/01/2016 05:47:08; 40 
machine_02;10/01/2016 05:47:08; 35 
machine_01;10/01/2016 05:47:24; 18 
machine_02;10/01/2016 05:47:24; 21 
machine_01;10/01/2016 05:47:40; 34 
machine_02;10/01/2016 05:47:40; 32 
machine_01;10/01/2016 05:47:57; 47 
machine_02;10/01/2016 05:47:57; 18 
machine_01;10/01/2016 05:48:13; 41 
machine_02;10/01/2016 05:48:13; 50 
machine_01;10/01/2016 05:48:29; 6 
machine_02;10/01/2016 05:48:29; 35 
machine_01;10/01/2016 05:48:45; 11 
machine_02;10/01/2016 05:48:45; 55 
machine_01;10/01/2016 05:49:01; 25 
machine_02;10/01/2016 05:49:01; 28 
machine_01;10/01/2016 05:49:17; 38 
machine_02;10/01/2016 05:49:17; 21 
machine_01;10/01/2016 05:49:34; 7 
machine_02;10/01/2016 05:49:34; 37 
machine_01;10/01/2016 05:49:50; 15 
machine_02;10/01/2016 05:49:50; 8 
machine_01;10/01/2016 05:50:06; 41 
machine_02;10/01/2016 05:50:06; 10 
machine_01;10/01/2016 05:50:22; 41 
machine_02;10/01/2016 05:50:22; 48 
machine_01;10/01/2016 05:50:38; 38 
machine_02;10/01/2016 05:50:38; 15 
machine_01;10/01/2016 05:50:54; 54 
machine_02;10/01/2016 05:50:54; 44 
machine_01;10/01/2016 05:51:10; 37 
machine_02;10/01/2016 05:51:10; 10 
machine_01;10/01/2016 05:51:27; 48 
machine_02;10/01/2016 05:51:27; 44 
machine_01;10/01/2016 05:51:43; 18 
machine_02;10/01/2016 05:51:43; 30 
machine_01;10/01/2016 05:51:59; 41 
machine_02;10/01/2016 05:51:59; 18 
machine_01;10/01/2016 05:52:15; 26 
machine_02;10/01/2016 05:52:15; 25 
machine_01;10/01/2016 05:52:32; 9 
machine_02;10/01/2016 05:52:32; 21 
machine_01;10/01/2016 05:52:48; 33 
machine_02;10/01/2016 05:52:48; 44 
machine_01;10/01/2016 05:53:04; 14 
machine_02;10/01/2016 05:53:04; 55 
machine_01;10/01/2016 05:53:20; 33 
machine_02;10/01/2016 05:53:20; 19 
machine_01;10/01/2016 05:53:36; 14 
machine_02;10/01/2016 05:53:36; 31 
machine_01;10/01/2016 05:53:52; 49 
machine_02;10/01/2016 05:53:52; 41 
machine_01;10/01/2016 05:54:08; 46 
machine_02;10/01/2016 05:54:08; 39 
machine_01;10/01/2016 05:54:24; 13 
machine_02;10/01/2016 05:54:24; 8 
machine_01;10/01/2016 05:54:40; 24 
machine_02;10/01/2016 05:54:40; 6 
machine_01;10/01/2016 05:54:56; 17 
machine_02;10/01/2016 05:54:56; 21 
machine_01;10/01/2016 05:55:12; 22 
machine_02;10/01/2016 05:55:12; 31 
machine_01;10/01/2016 05:55:29; 44 
machine_02;10/01/2016 05:55:29; 39 
machine_01;10/01/2016 05:55:45; 5 
machine_02;10/01/2016 05:55:45; 23 
machine_01;10/01/2016 05:56:01; 19 
machine_02;10/01/2016 05:56:01; 27 
machine_01;10/01/2016 05:56:17; 44 
machine_02;10/01/2016 05:56:17; 6 
machine_01;10/01/2016 05:56:34; 13 
machine_02;10/01/2016 05:56:34; 54 
machine_01;10/01/2016 05:56:50; 37 
machine_02;10/01/2016 05:56:50; 24 
machine_01;10/01/2016 05:57:06; 24 
machine_02;10/01/2016 05:57:06; 53 
machine_01;10/01/2016 05:57:23; 35 
machine_02;10/01/2016 05:57:23; 44 
machine_01;10/01/2016 05:57:39; 50 
machine_02;10/01/2016 05:57:39; 24 
machine_01;10/01/2016 05:57:55; 44 
machine_02;10/01/2016 05:57:55; 14 
machine_01;10/01/2016 05:58:11; 13 
machine_02;10/01/2016 05:58:11; 39 
machine_01;10/01/2016 05:58:27; 32 
machine_02;10/01/2016 05:58:27; 10 
machine_01;10/01/2016 05:58:43; 20 
machine_02;10/01/2016 05:58:43; 39 
machine_01;10/01/2016 05:58:59; 39 
machine_02;10/01/2016 05:58:59; 48 
machine_01;10/01/2016 05:59:15; 32 
machine_02;10/01/2016 05:59:15; 13 
machine_01;10/01/2016 05:59:32; 29 
machine_02;10/01/2016 05:59:32; 6 
machine_01;10/01/2016 05:59:48; 32 
machine_02;10/01/2016 05:59:48; 30 
machine_01;10/01/2016 06:00:04; 40 
machine_02;10/01/2016 06:00:04; 16 
machine_01;10/01/2016 06:00:20; 47 
machine_02;10/01/2016 06:00:20; 53 
machine_01;10/01/2016 06:00:36; 29 
machine_02;10/01/2016 06:00:36; 48 
machine_01;10/01/2016 06:00:52; 23 
machine_02;10/01/2016 06:00:52; 24 
machine_01;10/01/2016 06:01:09; 34 
machine_02;10/01/2016 06:01:09; 33 
machine_01;10/01/2016 06:01:25; 34 
machine_02;10/01/2016 06:01:25; 33 
machine_01;10/01/2016 06:01:41; 18 
machine_02;10/01/2016 06:01:41; 6 
machine_01;10/01/2016 06:01:58; 9 
machine_02;10/01/2016 06:01:58; 9 
machine_01;10/01/2016 06:02:14; 14 
machine_02;10/01/2016 06:02:14; 24 
machine_01;10/01/2016 06:02:30; 19 
machine_02;10/01/2016 06:02:30; 23 
machine_01;10/01/2016 06:02:46; 25 
machine_02;10/01/2016 06:02:46; 54 
machine_01;10/01/2016 06:03:03; 15 
machine_02;10/01/2016 06:03:03; 37 
machine_01;10/01/2016 06:03:19; 52 
machine_02;10/01/2016 06:03:19; 32 
machine_01;10/01/2016 06:03:35; 53 
machine_02;10/01/2016 06:03:35; 53 
machine_01;10/01/2016 06:03:51; 30 
machine_02;10/01/2016 06:03:51; 46 
machine_01;10/01/2016 06:04:08; 41 
machine_02;10/01/2016 06:04:08; 27 
machine_01;10/01/2016 06:04:24; 6 
machine_02;10/01/2016 06:04:24; 54 
machine_01;10/01/2016 06:04:41; 36 
machine_02;10/01/2016 06:04:41; 7 
machine_01;10/01/2016 06:04:57; 11 
machine_02;10/01/2016 06:04:57; 53 
machine_01;10/01/2016 06:05:13; 42 
machine_02;10/01/2016 06:05:13; 32 
machine_01;10/01/2016 06:05:30; 20 
machine_02;10/01/2016 06:05:30; 22 
machine_01;10/01/2016 06:05:46; 46 
machine_02;10/01/2016 06:05:46; 28 
machine_01;10/01/2016 06:06:02; 25 
machine_02;10/01/2016 06:06:02; 20 
machine_01;10/01/2016 06:06:18; 25 
machine_02;10/01/2016 06:06:18; 35 
machine_01;10/01/2016 06:06:35; 36 
machine_02;10/01/2016 06:06:35; 53 
machine_01;10/01/2016 06:06:51; 10 
machine_02;10/01/2016 06:06:51; 13 
machine_01;10/01/2016 06:07:07; 48 
machine_02;10/01/2016 06:07:07; 28 
machine_01;10/01/2016 06:07:24; 38 
machine_02;10/01/2016 06:07:24; 25 
machine_01;10/01/2016 06:07:40; 37 
machine_02;10/01/2016 06:07:40; 35 
machine_01;10/01/2016 06:07:56; 27 
machine_02;10/01/2016 06:07:56; 19 
machine_01;10/01/2016 06:08:13; 6 
machine_02;10/01/2016 06:08:13; 15 
machine_01;10/01/2016 06:08:29; 36 
machine_02;10/01/2016 06:08:29; 30 
machine_01;10/01/2016 06:08:46; 38 
machine_02;10/01/2016 06:08:46; 13 
machine_01;10/01/2016 06:09:02; 16 
machine_02;10/01/2016 06:09:02; 19 
machine_01;10/01/2016 06:09:19; 48 
machine_02;10/01/2016 06:09:19; 44 
machine_01;10/01/2016 06:09:35; 18 
machine_02;10/01/2016 06:09:35; 42 
machine_01;10/01/2016 06:09:52; 9 
machine_02;10/01/2016 06:09:52; 53 
machine_01;10/01/2016 06:10:08; 50 
machine_02;10/01/2016 06:10:08; 14 
machine_01;10/01/2016 06:10:24; 21 
machine_02;10/01/2016 06:10:24; 46 
machine_01;10/01/2016 06:10:41; 5 
machine_02;10/01/2016 06:10:41; 45 
machine_01;10/01/2016 06:10:57; 38 
machine_02;10/01/2016 06:10:57; 36 
machine_01;10/01/2016 06:11:13; 28 
machine_02;10/01/2016 06:11:13; 28 
machine_01;10/01/2016 06:11:30; 48 
machine_02;10/01/2016 06:11:30; 47 
machine_01;10/01/2016 06:11:46; 30 
machine_02;10/01/2016 06:11:46; 55 
machine_01;10/01/2016 06:12:03; 29 
machine_02;10/01/2016 06:12:03; 42 
machine_01;10/01/2016 06:12:19; 22 
machine_02;10/01/2016 06:12:19; 55 
machine_01;10/01/2016 06:12:36; 5 
machine_02;10/01/2016 06:12:36; 25 
machine_01;10/01/2016 06:12:52; 43 
machine_02;10/01/2016 06:12:52; 39 
machine_01;10/01/2016 06:13:09; 49 
machine_02;10/01/2016 06:13:09; 32 
machine_01;10/01/2016 06:13:25; 55 
machine_02;10/01/2016 06:13:25; 23 
machine_01;10/01/2016 06:13:42; 44 
machine_02;10/01/2016 06:13:42; 38 
machine_01;10/01/2016 06:13:58; 26 
machine_02;10/01/2016 06:13:58; 26 
machine_01;10/01/2016 06:14:14; 20 
machine_02;10/01/2016 06:14:14; 27 
machine_01;10/01/2016 06:14:31; 38 
machine_02;10/01/2016 06:14:31; 54 
machine_01;10/01/2016 06:14:47; 54 
machine_02;10/01/2016 06:14:47; 33 
machine_01;10/01/2016 06:15:03; 15 
machine_02;10/01/2016 06:15:03; 46 
machine_01;10/01/2016 06:15:20; 39 
machine_02;10/01/2016 06:15:20; 44 
machine_01;10/01/2016 06:15:36; 41 
machine_02;10/01/2016 06:15:36; 44 
machine_01;10/01/2016 06:15:52; 20 
machine_02;10/01/2016 06:15:52; 34 
machine_01;10/01/2016 06:16:08; 51 
machine_02;10/01/2016 06:16:08; 52 
machine_01;10/01/2016 06:16:25; 7 
machine_02;10/01/2016 06:16:25; 42 
machine_01;10/01/2016 06:16:41; 54 
machine_02;10/01/2016 06:16:41; 39 
machine_01;10/01/2016 06:16:57; 20 
machine_02;10/01/2016 06:16:57; 44 
machine_01;10/01/2016 06:17:13; 22 
machine_02;10/01/2016 06:17:13; 54 
machine_01;10/01/2016 06:17:30; 30 
machine_02;10/01/2016 06:17:30; 55 
machine_01;10/01/2016 06:17:46; 26 
machine_02;10/01/2016 06:17:46; 25 
machine_01;10/01/2016 06:18:02; 44 
machine_02;10/01/2016 06:18:02; 17 
machine_01;10/01/2016 06:18:19; 18 
machine_02;10/01/2016 06:18:19; 29 
machine_01;10/01/2016 06:18:35; 10 
machine_02;10/01/2016 06:18:35; 11 
machine_01;10/01/2016 06:18:51; 13 
machine_02;10/01/2016 06:18:51; 48 
machine_01;10/01/2016 06:19:08; 8 
machine_02;10/01/2016 06:19:08; 29 
machine_01;10/01/2016 06:19:24; 27 
machine_02;10/01/2016 06:19:24; 49 
machine_01;10/01/2016 06:19:40; 31 
machine_02;10/01/2016 06:19:40; 44 
machine_01;10/01/2016 06:19:57; 30 
machine_02;10/01/2016 06:19:57; 13 
machine_01;10/01/2016 06:20:13; 13 
machine_02;10/01/2016 06:20:13; 25 
machine_01;10/01/2016 06:20:30; 7 
machine_02;10/01/2016 06:20:30; 41 
machine_01;10/01/2016 06:20:46; 37 
machine_02;10/01/2016 06:20:46; 12 
machine_01;10/01/2016 06:21:02; 43 
machine_02;10/01/2016 06:21:02; 44 
machine_01;10/01/2016 06:21:18; 7 
machine_02;10/01/2016 06:21:18; 21 
machine_01;10/01/2016 06:21:34; 42 
machine_02;10/01/2016 06:21:34; 39 
machine_01;10/01/2016 06:21:51; 42 
machine_02;10/01/2016 06:21:51; 35 
machine_01;10/01/2016 06:22:07; 35 
machine_02;10/01/2016 06:22:07; 43 
machine_01;10/01/2016 06:22:23; 46 
machine_02;10/01/2016 06:22:23; 55 
machine_01;10/01/2016 06:22:40; 48 
machine_02;10/01/2016 06:22:40; 35 
machine_01;10/01/2016 06:22:56; 10 
machine_02;10/01/2016 06:22:56; 40 
machine_01;10/01/2016 06:23:12; 53 
machine_02;10/01/2016 06:23:12; 48 
machine_01;10/01/2016 06:23:29; 16 
machine_02;10/01/2016 06:23:29; 49 
machine_01;10/01/2016 06:23:45; 28 
machine_02;10/01/2016 06:23:45; 42 
machine_01;10/01/2016 06:24:01; 44 
machine_02;10/01/2016 06:24:01; 39 
machine_01;10/01/2016 06:24:18; 17 
machine_02;10/01/2016 06:24:18; 52 
machine_01;10/01/2016 06:24:34; 24 
machine_02;10/01/2016 06:24:34; 33 
machine_01;10/01/2016 06:24:51; 41 
machine_02;10/01/2016 06:24:51; 31 
machine_01;10/01/2016 06:25:07; 8 
machine_02;10/01/2016 06:25:07; 30 
machine_01;10/01/2016 06:25:24; 6 
machine_02;10/01/2016 06:25:24; 17 
machine_01;10/01/2016 06:25:40; 42 
machine_02;10/01/2016 06:25:40; 55 
machine_01;10/01/2016 06:25:57; 49 
machine_02;10/01/2016 06:25:57; 18 
machine_01;10/01/2016 06:26:14; 31 
machine_02;10/01/2016 06:26:14; 30 
machine_01;10/01/2016 06:26:30; 35 
machine_02;10/01/2016 06:26:30; 24 
machine_01;10/01/2016 06:26:47; 47 
machine_02;10/01/2016 06:26:47; 8 
machine_01;10/01/2016 06:27:03; 53 
machine_02;10/01/2016 06:27:03; 31 
machine_01;10/01/2016 06:27:19; 35 
machine_02;10/01/2016 06:27:19; 35 
machine_01;10/01/2016 06:27:35; 13 
machine_02;10/01/2016 06:27:35; 49 
machine_01;10/01/2016 06:27:52; 21 
machine_02;10/01/2016 06:27:52; 45 
machine_01;10/01/2016 06:28:08; 55 
machine_02;10/01/2016 06:28:08; 20 
machine_01;10/01/2016 06:28:24; 32 
machine_02;10/01/2016 06:28:24; 53 
machine_01;10/01/2016 06:28:41; 26 
machine_02;10/01/2016 06:28:41; 37 
machine_01;10/01/2016 06:28:57; 13 
machine_02;10/01/2016 06:28:57; 33 
machine_01;10/01/2016 06:29:14; 27 
machine_02;10/01/2016 06:29:14; 53 
machine_01;10/01/2016 06:29:30; 24 
machine_02;10/01/2016 06:29:30; 21 
machine_01;10/01/2016 06:29:47; 36 
machine_02;10/01/2016 06:29:47; 5 
machine_01;10/01/2016 06:30:03; 32 
machine_02;10/01/2016 06:30:03; 22 
machine_01;10/01/2016 06:30:20; 27 
machine_02;10/01/2016 06:30:20; 40 
machine_01;10/01/2016 06:30:36; 46 
machine_02;10/01/2016 06:30:36; 35 
machine_01;10/01/2016 06:30:53; 21 
machine_02;10/01/2016 06:30:53; 29 
machine_01;10/01/2016 06:31:09; 39 
machine_02;10/01/2016 06:31:09; 19 
machine_01;10/01/2016 06:31:26; 34 
machine_02;10/01/2016 06:31:26; 18 
machine_01;10/01/2016 06:31:42; 39 
machine_02;10/01/2016 06:31:42; 25 
machine_01;10/01/2016 06:31:59; 5 
machine_02;10/01/2016 06:31:59; 18 
machine_01;10/01/2016 06:32:16; 23 
machine_02;10/01/2016 06:32:16; 21 
machine_01;10/01/2016 06:32:32; 49 
machine_02;10/01/2016 06:32:32; 5 
machine_01;10/01/2016 06:32:49; 31 
machine_02;10/01/2016 06:32:49; 31 
machine_01;10/01/2016 06:33:05; 17 
machine_02;10/01/2016 06:33:05; 42 
machine_01;10/01/2016 06:33:21; 50 
machine_02;10/01/2016 06:33:21; 10 
machine_01;10/01/2016 06:33:38; 17 
machine_02;10/01/2016 06:33:38; 38 
machine_01;10/01/2016 06:33:54; 15 
machine_02;10/01/2016 06:33:54; 34 
machine_01;10/01/2016 06:34:10; 12 
machine_02;10/01/2016 06:34:10; 25 
machine_01;10/01/2016 06:34:27; 27 
machine_02;10/01/2016 06:34:27; 9 
machine_01;10/01/2016 06:34:43; 27 
machine_02;10/01/2016 06:34:43; 42 
machine_01;10/01/2016 06:34:59; 50 
machine_02;10/01/2016 06:34:59; 36 
machine_01;10/01/2016 06:35:16; 49 
machine_02;10/01/2016 06:35:16; 52 
machine_01;10/01/2016 06:35:32; 27 
machine_02;10/01/2016 06:35:32; 43 
machine_01;10/01/2016 06:35:49; 45 
machine_02;10/01/2016 06:35:49; 52 
machine_01;10/01/2016 06:36:05; 52 
machine_02;10/01/2016 06:36:05; 26 
machine_01;10/01/2016 06:36:21; 9 
machine_02;10/01/2016 06:36:21; 20 
machine_01;10/01/2016 06:36:38; 32 
machine_02;10/01/2016 06:36:38; 32 
machine_01;10/01/2016 06:36:54; 44 
machine_02;10/01/2016 06:36:54; 50 
machine_01;10/01/2016 06:37:10; 54 
machine_02;10/01/2016 06:37:10; 11 
machine_01;10/01/2016 06:37:27; 12 
machine_02;10/01/2016 06:37:27; 49 
machine_01;10/01/2016 06:37:43; 50 
machine_02;10/01/2016 06:37:43; 9 
machine_01;10/01/2016 06:38:00; 35 
machine_02;10/01/2016 06:38:00; 33 
machine_01;10/01/2016 06:38:16; 20 
machine_02;10/01/2016 06:38:16; 47 
machine_01;10/01/2016 06:38:33; 44 
machine_02;10/01/2016 06:38:33; 29 
machine_01;10/01/2016 06:38:50; 54 
machine_02;10/01/2016 06:38:50; 55 
machine_01;10/01/2016 06:39:06; 42 
machine_02;10/01/2016 06:39:06; 39 
machine_01;10/01/2016 06:39:22; 22 
machine_02;10/01/2016 06:39:22; 8 
machine_01;10/01/2016 06:39:39; 45 
machine_02;10/01/2016 06:39:39; 40 
machine_01;10/01/2016 06:39:55; 33 
machine_02;10/01/2016 06:39:55; 17 
machine_01;10/01/2016 06:40:11; 49 
machine_02;10/01/2016 06:40:11; 34 
machine_01;10/01/2016 06:40:27; 53 
machine_02;10/01/2016 06:40:27; 13 
machine_01;10/01/2016 06:40:44; 15 
machine_02;10/01/2016 06:40:44; 34 
machine_01;10/01/2016 06:41:00; 46 
machine_02;10/01/2016 06:41:00; 8 
machine_01;10/01/2016 06:41:17; 30 
machine_02;10/01/2016 06:41:17; 25 
machine_01;10/01/2016 06:41:33; 52 
machine_02;10/01/2016 06:41:33; 31 
machine_01;10/01/2016 06:41:50; 52 
machine_02;10/01/2016 06:41:50; 54 
machine_01;10/01/2016 06:42:06; 47 
machine_02;10/01/2016 06:42:06; 36 
machine_01;10/01/2016 06:42:23; 18 
machine_02;10/01/2016 06:42:23; 7 
machine_01;10/01/2016 06:42:40; 27 
machine_02;10/01/2016 06:42:40; 36 
machine_01;10/01/2016 06:42:56; 33 
machine_02;10/01/2016 06:42:56; 17 
machine_01;10/01/2016 06:43:12; 21 
machine_02;10/01/2016 06:43:12; 30 
machine_01;10/01/2016 06:43:28; 18 
machine_02;10/01/2016 06:43:28; 54 
machine_01;10/01/2016 06:43:45; 6 
machine_02;10/01/2016 06:43:45; 22 
machine_01;10/01/2016 06:44:01; 46 
machine_02;10/01/2016 06:44:01; 18 
machine_01;10/01/2016 06:44:18; 45 
machine_02;10/01/2016 06:44:18; 33 
machine_01;10/01/2016 06:44:34; 52 
machine_02;10/01/2016 06:44:34; 18 
machine_01;10/01/2016 06:44:51; 26 
machine_02;10/01/2016 06:44:51; 44 
machine_01;10/01/2016 06:45:07; 38 
machine_02;10/01/2016 06:45:07; 48 
machine_01;10/01/2016 06:45:23; 18 
machine_02;10/01/2016 06:45:23; 15 
machine_01;10/01/2016 06:45:40; 37 
machine_02;10/01/2016 06:45:40; 40 
machine_01;10/01/2016 06:45:56; 44 
machine_02;10/01/2016 06:45:56; 23 
machine_01;10/01/2016 06:46:12; 16 
machine_02;10/01/2016 06:46:12; 32 
machine_01;10/01/2016 06:46:29; 19 
machine_02;10/01/2016 06:46:29; 42 
machine_01;10/01/2016 06:46:45; 38 
machine_02;10/01/2016 06:46:45; 38 
machine_01;10/01/2016 06:47:02; 24 
machine_02;10/01/2016 06:47:02; 36 
machine_01;10/01/2016 06:47:18; 38 
machine_02;10/01/2016 06:47:18; 11 
machine_01;10/01/2016 06:47:34; 52 
machine_02;10/01/2016 06:47:34; 29 
machine_01;10/01/2016 06:47:50; 36 
machine_02;10/01/2016 06:47:50; 19 
machine_01;10/01/2016 06:48:07; 24 
machine_02;10/01/2016 06:48:07; 52 
machine_01;10/01/2016 06:48:23; 34 
machine_02;10/01/2016 06:48:23; 14 
machine_01;10/01/2016 06:48:39; 37 
machine_02;10/01/2016 06:48:39; 18 
machine_01;10/01/2016 06:48:55; 50 
machine_02;10/01/2016 06:48:55; 51 
machine_01;10/01/2016 06:49:11; 38 
machine_02;10/01/2016 06:49:11; 43 
machine_01;10/01/2016 06:49:28; 34 
machine_02;10/01/2016 06:49:28; 25 
machine_01;10/01/2016 06:49:44; 8 
machine_02;10/01/2016 06:49:44; 32 
machine_01;10/01/2016 06:50:00; 39 
machine_02;10/01/2016 06:50:00; 38 
machine_01;10/01/2016 06:50:16; 42 
machine_02;10/01/2016 06:50:16; 26 
machine_01;10/01/2016 06:50:33; 9 
machine_02;10/01/2016 06:50:33; 5 
machine_01;10/01/2016 06:50:49; 47 
machine_02;10/01/2016 06:50:49; 36 
machine_01;10/01/2016 06:51:05; 32 
machine_02;10/01/2016 06:51:05; 20 
machine_01;10/01/2016 06:51:21; 23 
machine_02;10/01/2016 06:51:21; 8 
machine_01;10/01/2016 06:51:37; 34 
machine_02;10/01/2016 06:51:37; 28 
machine_01;10/01/2016 06:51:54; 28 
machine_02;10/01/2016 06:51:54; 45 
machine_01;10/01/2016 06:52:10; 43 
machine_02;10/01/2016 06:52:10; 36 
machine_01;10/01/2016 06:52:26; 14 
machine_02;10/01/2016 06:52:26; 17 
machine_01;10/01/2016 06:52:42; 43 
machine_02;10/01/2016 06:52:42; 32 
machine_01;10/01/2016 06:52:59; 45 
machine_02;10/01/2016 06:52:59; 11 
machine_01;10/01/2016 06:53:15; 10 
machine_02;10/01/2016 06:53:15; 6 
machine_01;10/01/2016 06:53:31; 21 
machine_02;10/01/2016 06:53:31; 13 
machine_01;10/01/2016 06:53:48; 16 
machine_02;10/01/2016 06:53:48; 9 
machine_01;10/01/2016 06:54:04; 19 
machine_02;10/01/2016 06:54:04; 14 
machine_01;10/01/2016 06:54:20; 6 
machine_02;10/01/2016 06:54:20; 20 
machine_01;10/01/2016 06:54:37; 11 
machine_02;10/01/2016 06:54:37; 54 
machine_01;10/01/2016 06:54:53; 16 
machine_02;10/01/2016 06:54:53; 19 
machine_01;10/01/2016 06:55:10; 16 
machine_02;10/01/2016 06:55:10; 7 
machine_01;10/01/2016 06:55:26; 27 
machine_02;10/01/2016 06:55:26; 44 
machine_01;10/01/2016 06:55:43; 45 
machine_02;10/01/2016 06:55:43; 28 
machine_01;10/01/2016 06:55:59; 39 
machine_02;10/01/2016 06:55:59; 53 
machine_01;10/01/2016 06:56:15; 38 
machine_02;10/01/2016 06:56:15; 14 
machine_01;10/01/2016 06:56:32; 18 
machine_02;10/01/2016 06:56:32; 49 
machine_01;10/01/2016 06:56:48; 28 
machine_02;10/01/2016 06:56:48; 19 
machine_01;10/01/2016 06:57:05; 45 
machine_02;10/01/2016 06:57:05; 36 
machine_01;10/01/2016 06:57:21; 50 
machine_02;10/01/2016 06:57:21; 27 
machine_01;10/01/2016 06:57:37; 55 
machine_02;10/01/2016 06:57:37; 55 
machine_01;10/01/2016 06:57:54; 32 
machine_02;10/01/2016 06:57:54; 32 
machine_01;10/01/2016 06:58:10; 8 
machine_02;10/01/2016 06:58:10; 8 
machine_01;10/01/2016 06:58:26; 38 
machine_02;10/01/2016 06:58:26; 13 
machine_01;10/01/2016 06:58:42; 27 
machine_02;10/01/2016 06:58:42; 34 
machine_01;10/01/2016 06:58:59; 46 
machine_02;10/01/2016 06:58:59; 15 
machine_01;10/01/2016 06:59:15; 51 
machine_02;10/01/2016 06:59:15; 52 
machine_01;10/01/2016 06:59:32; 44 
machine_02;10/01/2016 06:59:32; 49 
machine_01;10/01/2016 06:59:48; 17 
machine_02;10/01/2016 06:59:48; 10 
machine_01;10/01/2016 07:00:05; 33 
machine_02;10/01/2016 07:00:05; 5 
machine_01;10/01/2016 07:00:21; 39 
machine_02;10/01/2016 07:00:21; 41 
machine_01;10/01/2016 07:00:37; 53 
machine_02;10/01/2016 07:00:37; 30 
machine_01;10/01/2016 07:00:54; 25 
machine_02;10/01/2016 07:00:54; 49 
machine_01;10/01/2016 07:01:10; 42 
machine_02;10/01/2016 07:01:10; 25 
machine_01;10/01/2016 07:01:26; 46 
machine_02;10/01/2016 07:01:26; 31 
machine_01;10/01/2016 07:01:42; 44 
machine_02;10/01/2016 07:01:42; 44 
machine_01;10/01/2016 07:01:59; 25 
machine_02;10/01/2016 07:01:59; 40 
machine_01;10/01/2016 07:02:15; 14 
machine_02;10/01/2016 07:02:15; 8 
machine_01;10/01/2016 07:02:31; 38 
machine_02;10/01/2016 07:02:31; 18 
machine_01;10/01/2016 07:02:47; 8 
machine_02;10/01/2016 07:02:47; 38 
machine_01;10/01/2016 07:03:04; 34 
machine_02;10/01/2016 07:03:04; 16 
machine_01;10/01/2016 07:03:20; 32 
machine_02;10/01/2016 07:03:20; 17 
machine_01;10/01/2016 07:03:36; 38 
machine_02;10/01/2016 07:03:36; 12 
machine_01;10/01/2016 07:03:53; 12 
machine_02;10/01/2016 07:03:53; 24 
machine_01;10/01/2016 07:04:09; 46 
machine_02;10/01/2016 07:04:09; 18 
machine_01;10/01/2016 07:04:26; 14 
machine_02;10/01/2016 07:04:26; 40 
machine_01;10/01/2016 07:04:43; 24 
machine_02;10/01/2016 07:04:43; 21 
machine_01;10/01/2016 07:04:59; 30 
machine_02;10/01/2016 07:04:59; 37 
machine_01;10/01/2016 07:05:15; 27 
machine_02;10/01/2016 07:05:15; 54 
machine_01;10/01/2016 07:05:31; 7 
machine_02;10/01/2016 07:05:31; 49 
machine_01;10/01/2016 07:05:48; 16 
machine_02;10/01/2016 07:05:48; 11 
machine_01;10/01/2016 07:06:04; 55 
machine_02;10/01/2016 07:06:04; 6 
machine_01;10/01/2016 07:06:20; 26 
machine_02;10/01/2016 07:06:20; 29 
machine_01;10/01/2016 07:06:37; 12 
machine_02;10/01/2016 07:06:37; 16 
machine_01;10/01/2016 07:06:53; 31 
machine_02;10/01/2016 07:06:53; 42 
machine_01;10/01/2016 07:07:09; 8 
machine_02;10/01/2016 07:07:09; 20 
machine_01;10/01/2016 07:07:25; 44 
machine_02;10/01/2016 07:07:25; 45 
machine_01;10/01/2016 07:07:41; 50 
machine_02;10/01/2016 07:07:41; 39 
machine_01;10/01/2016 07:07:58; 22 
machine_02;10/01/2016 07:07:58; 28 
machine_01;10/01/2016 07:08:14; 15 
machine_02;10/01/2016 07:08:14; 25 
machine_01;10/01/2016 07:08:30; 20 
machine_02;10/01/2016 07:08:30; 50 
machine_01;10/01/2016 07:08:46; 14 
machine_02;10/01/2016 07:08:46; 7 
machine_01;10/01/2016 07:09:03; 53 
machine_02;10/01/2016 07:09:03; 15 
machine_01;10/01/2016 07:09:19; 14 
machine_02;10/01/2016 07:09:19; 37 
machine_01;10/01/2016 07:09:35; 27 
machine_02;10/01/2016 07:09:35; 17 
machine_01;10/01/2016 07:09:51; 13 
machine_02;10/01/2016 07:09:51; 15 
machine_01;10/01/2016 07:10:07; 23 
machine_02;10/01/2016 07:10:07; 48 
machine_01;10/01/2016 07:10:23; 51 
machine_02;10/01/2016 07:10:23; 47 
machine_01;10/01/2016 07:10:39; 33 
machine_02;10/01/2016 07:10:39; 44 
machine_01;10/01/2016 07:10:55; 6 
machine_02;10/01/2016 07:10:55; 44 
machine_01;10/01/2016 07:11:12; 6 
machine_02;10/01/2016 07:11:12; 49 
machine_01;10/01/2016 07:11:28; 19 
machine_02;10/01/2016 07:11:28; 11 
machine_01;10/01/2016 07:11:44; 20 
machine_02;10/01/2016 07:11:44; 28 
machine_01;10/01/2016 07:12:00; 50 
machine_02;10/01/2016 07:12:00; 5 
machine_01;10/01/2016 07:12:17; 41 
machine_02;10/01/2016 07:12:17; 39 
machine_01;10/01/2016 07:12:33; 11 
machine_02;10/01/2016 07:12:33; 48 
machine_01;10/01/2016 07:12:49; 55 
machine_02;10/01/2016 07:12:49; 46 
machine_01;10/01/2016 07:13:05; 51 
machine_02;10/01/2016 07:13:05; 19 
machine_01;10/01/2016 07:13:21; 22 
machine_02;10/01/2016 07:13:21; 28 
machine_01;10/01/2016 07:13:38; 30 
machine_02;10/01/2016 07:13:38; 7 
machine_01;10/01/2016 07:13:54; 49 
machine_02;10/01/2016 07:13:54; 38 
machine_01;10/01/2016 07:14:10; 39 
machine_02;10/01/2016 07:14:10; 24 
machine_01;10/01/2016 07:14:26; 7 
machine_02;10/01/2016 07:14:26; 45 
machine_01;10/01/2016 07:14:42; 14 
machine_02;10/01/2016 07:14:42; 15 
machine_01;10/01/2016 07:14:59; 44 
machine_02;10/01/2016 07:14:59; 38 
machine_01;10/01/2016 07:15:15; 49 
machine_02;10/01/2016 07:15:15; 23 
machine_01;10/01/2016 07:15:31; 5 
machine_02;10/01/2016 07:15:31; 32 
machine_01;10/01/2016 07:15:47; 55 
machine_02;10/01/2016 07:15:47; 32 
machine_01;10/01/2016 07:16:03; 44 
machine_02;10/01/2016 07:16:03; 12 
machine_01;10/01/2016 07:16:19; 37 
machine_02;10/01/2016 07:16:19; 51 
machine_01;10/01/2016 07:16:36; 25 
machine_02;10/01/2016 07:16:36; 42 
machine_01;10/01/2016 07:16:52; 37 
machine_02;10/01/2016 07:16:52; 29 
machine_01;10/01/2016 07:17:08; 38 
machine_02;10/01/2016 07:17:08; 23 
machine_01;10/01/2016 07:17:24; 36 
machine_02;10/01/2016 07:17:24; 26 
machine_01;10/01/2016 07:17:40; 33 
machine_02;10/01/2016 07:17:40; 16 
machine_01;10/01/2016 07:17:56; 39 
machine_02;10/01/2016 07:17:56; 14 
machine_01;10/01/2016 07:18:12; 23 
machine_02;10/01/2016 07:18:12; 6 
machine_01;10/01/2016 07:18:28; 12 
machine_02;10/01/2016 07:18:28; 26 
machine_01;10/01/2016 07:18:44; 13 
machine_02;10/01/2016 07:18:44; 11 
machine_01;10/01/2016 07:19:01; 17 
machine_02;10/01/2016 07:19:01; 51 
machine_01;10/01/2016 07:19:17; 47 
machine_02;10/01/2016 07:19:17; 19 
machine_01;10/01/2016 07:19:33; 48 
machine_02;10/01/2016 07:19:33; 27 
machine_01;10/01/2016 07:19:49; 50 
machine_02;10/01/2016 07:19:49; 27 
machine_01;10/01/2016 07:20:06; 26 
machine_02;10/01/2016 07:20:06; 9 
machine_01;10/01/2016 07:20:22; 29 
machine_02;10/01/2016 07:20:22; 11 
machine_01;10/01/2016 07:20:38; 55 
machine_02;10/01/2016 07:20:38; 10 
machine_01;10/01/2016 07:20:54; 16 
machine_02;10/01/2016 07:20:54; 10 
machine_01;10/01/2016 07:21:10; 19 
machine_02;10/01/2016 07:21:10; 28 
machine_01;10/01/2016 07:21:26; 26 
machine_02;10/01/2016 07:21:26; 33 
machine_01;10/01/2016 07:21:42; 49 
machine_02;10/01/2016 07:21:42; 31 
machine_01;10/01/2016 07:21:59; 10 
machine_02;10/01/2016 07:21:59; 27 
machine_01;10/01/2016 07:22:15; 8 
machine_02;10/01/2016 07:22:15; 14 
machine_01;10/01/2016 07:22:31; 54 
machine_02;10/01/2016 07:22:31; 42 
machine_01;10/01/2016 07:22:47; 43 
machine_02;10/01/2016 07:22:47; 29 
machine_01;10/01/2016 07:23:03; 53 
machine_02;10/01/2016 07:23:03; 46 
machine_01;10/01/2016 07:23:20; 8 
machine_02;10/01/2016 07:23:20; 17 
machine_01;10/01/2016 07:23:36; 49 
machine_02;10/01/2016 07:23:36; 11 
machine_01;10/01/2016 07:23:52; 5 
machine_02;10/01/2016 07:23:52; 30 
machine_01;10/01/2016 07:24:09; 24 
machine_02;10/01/2016 07:24:09; 13 
machine_01;10/01/2016 07:24:25; 21 
machine_02;10/01/2016 07:24:25; 33 
machine_01;10/01/2016 07:24:41; 49 
machine_02;10/01/2016 07:24:41; 51 
machine_01;10/01/2016 07:24:57; 14 
machine_02;10/01/2016 07:24:57; 21 
machine_01;10/01/2016 07:25:13; 35 
machine_02;10/01/2016 07:25:13; 55 
machine_01;10/01/2016 07:25:29; 34 
machine_02;10/01/2016 07:25:29; 10 
machine_01;10/01/2016 07:25:45; 24 
machine_02;10/01/2016 07:25:45; 16 
machine_01;10/01/2016 07:26:01; 5 
machine_02;10/01/2016 07:26:01; 13 
machine_01;10/01/2016 07:26:18; 52 
machine_02;10/01/2016 07:26:18; 35 
machine_01;10/01/2016 07:26:34; 31 
machine_02;10/01/2016 07:26:34; 37 
machine_01;10/01/2016 07:26:50; 15 
machine_02;10/01/2016 07:26:50; 30 
machine_01;10/01/2016 07:27:06; 32 
machine_02;10/01/2016 07:27:06; 21 
machine_01;10/01/2016 07:27:22; 48 
machine_02;10/01/2016 07:27:22; 30 
machine_01;10/01/2016 07:27:39; 5 
machine_02;10/01/2016 07:27:39; 12 
machine_01;10/01/2016 07:27:55; 10 
machine_02;10/01/2016 07:27:55; 11 
machine_01;10/01/2016 07:28:11; 50 
machine_02;10/01/2016 07:28:11; 19 
machine_01;10/01/2016 07:28:27; 43 
machine_02;10/01/2016 07:28:27; 26 
machine_01;10/01/2016 07:28:43; 36 
machine_02;10/01/2016 07:28:43; 27 
machine_01;10/01/2016 07:28:59; 43 
machine_02;10/01/2016 07:28:59; 17 
machine_01;10/01/2016 07:29:15; 48 
machine_02;10/01/2016 07:29:15; 13 
machine_01;10/01/2016 07:29:32; 19 
machine_02;10/01/2016 07:29:32; 10 
machine_01;10/01/2016 07:29:48; 20 
machine_02;10/01/2016 07:29:48; 47 
machine_01;10/01/2016 12:19:22; 51 
machine_02;10/01/2016 12:19:22; 38 
machine_01;10/01/2016 12:19:39; 38 
machine_02;10/01/2016 12:19:39; 51 
machine_01;10/01/2016 12:19:55; 52 
machine_02;10/01/2016 12:19:55; 22 
machine_01;10/01/2016 12:20:11; 34 
machine_02;10/01/2016 12:20:11; 48 
machine_01;10/01/2016 12:20:28; 54 
machine_02;10/01/2016 12:20:28; 17 
machine_01;10/01/2016 12:20:44; 27 
machine_02;10/01/2016 12:20:44; 36 
machine_01;10/01/2016 12:21:00; 29 
machine_02;10/01/2016 12:21:00; 41 
machine_01;10/01/2016 12:21:17; 39 
machine_02;10/01/2016 12:21:17; 51 
machine_01;10/01/2016 12:21:33; 12 
machine_02;10/01/2016 12:21:33; 37 
machine_01;10/01/2016 12:21:49; 50 
machine_02;10/01/2016 12:21:49; 26 
machine_01;10/01/2016 12:22:06; 34 
machine_02;10/01/2016 12:22:06; 33 
machine_01;10/01/2016 12:22:22; 41 
machine_02;10/01/2016 12:22:22; 35 
machine_01;10/01/2016 12:22:38; 10 
machine_02;10/01/2016 12:22:38; 34 
machine_01;10/01/2016 12:22:55; 53 
machine_02;10/01/2016 12:22:55; 36 
machine_01;10/01/2016 12:23:12; 7 
machine_02;10/01/2016 12:23:12; 35 
machine_01;10/01/2016 12:23:28; 53 
machine_02;10/01/2016 12:23:28; 31 
machine_01;10/01/2016 12:23:44; 21 
machine_02;10/01/2016 12:23:44; 30 
machine_01;10/01/2016 12:24:01; 30 
machine_02;10/01/2016 12:24:01; 55 
machine_01;10/01/2016 12:24:17; 31 
machine_02;10/01/2016 12:24:17; 6 
machine_01;10/01/2016 12:24:33; 17 
machine_02;10/01/2016 12:24:33; 21 
machine_01;10/01/2016 12:24:50; 34 
machine_02;10/01/2016 12:24:50; 40 
machine_01;10/01/2016 12:25:06; 41 
machine_02;10/01/2016 12:25:06; 33 
machine_01;10/01/2016 12:25:22; 44 
machine_02;10/01/2016 12:25:22; 47 
machine_01;10/01/2016 12:25:39; 5 
machine_02;10/01/2016 12:25:39; 39 
machine_01;10/01/2016 12:25:55; 40 
machine_02;10/01/2016 12:25:55; 25 
machine_01;10/01/2016 12:26:12; 37 
machine_02;10/01/2016 12:26:12; 39 
machine_01;10/01/2016 12:26:28; 49 
machine_02;10/01/2016 12:26:28; 12 
machine_01;10/01/2016 12:26:44; 37 
machine_02;10/01/2016 12:26:44; 8 
machine_01;10/01/2016 12:27:01; 27 
machine_02;10/01/2016 12:27:01; 30 
machine_01;10/01/2016 12:27:17; 53 
machine_02;10/01/2016 12:27:17; 14 
machine_01;10/01/2016 12:27:33; 18 
machine_02;10/01/2016 12:27:33; 55 
machine_01;10/01/2016 12:27:50; 39 
machine_02;10/01/2016 12:27:50; 34 
machine_01;10/01/2016 12:28:06; 32 
machine_02;10/01/2016 12:28:06; 26 
machine_01;10/01/2016 12:28:23; 35 
machine_02;10/01/2016 12:28:23; 42 
machine_01;10/01/2016 12:28:39; 41 
machine_02;10/01/2016 12:28:39; 55 
machine_01;10/01/2016 12:28:56; 13 
machine_02;10/01/2016 12:28:56; 31 
machine_01;10/01/2016 12:29:12; 33 
machine_02;10/01/2016 12:29:12; 47 
machine_01;10/01/2016 12:29:29; 36 
machine_02;10/01/2016 12:29:29; 32 
machine_01;10/01/2016 12:29:46; 35 
machine_02;10/01/2016 12:29:46; 33 
machine_01;10/01/2016 12:30:02; 27 
machine_02;10/01/2016 12:30:02; 13 
machine_01;10/01/2016 12:30:18; 6 
machine_02;10/01/2016 12:30:18; 53 
machine_01;10/01/2016 12:30:34; 34 
machine_02;10/01/2016 12:30:34; 25 
machine_01;10/01/2016 12:30:51; 49 
machine_02;10/01/2016 12:30:51; 27 
machine_01;10/01/2016 12:31:07; 35 
machine_02;10/01/2016 12:31:07; 29 
machine_01;10/01/2016 12:31:23; 50 
machine_02;10/01/2016 12:31:23; 38 
machine_01;10/01/2016 12:31:40; 46 
machine_02;10/01/2016 12:31:40; 38 
machine_01;10/01/2016 12:31:56; 48 
machine_02;10/01/2016 12:31:56; 24 
machine_01;10/01/2016 12:32:13; 34 
machine_02;10/01/2016 12:32:13; 22 
machine_01;10/01/2016 12:32:29; 24 
machine_02;10/01/2016 12:32:29; 23 
machine_01;10/01/2016 12:32:46; 10 
machine_02;10/01/2016 12:32:46; 31 
machine_01;10/01/2016 12:33:02; 23 
machine_02;10/01/2016 12:33:02; 17 
machine_01;10/01/2016 12:33:19; 20 
machine_02;10/01/2016 12:33:19; 53 
machine_01;10/01/2016 12:33:36; 17 
machine_02;10/01/2016 12:33:36; 26 
machine_01;10/01/2016 12:33:52; 29 
machine_02;10/01/2016 12:33:52; 42 
machine_01;10/01/2016 12:34:09; 12 
machine_02;10/01/2016 12:34:09; 34 
machine_01;10/01/2016 12:34:25; 31 
machine_02;10/01/2016 12:34:25; 40 
machine_01;10/01/2016 12:34:41; 30 
machine_02;10/01/2016 12:34:41; 12 
machine_01;10/01/2016 12:34:57; 16 
machine_02;10/01/2016 12:34:57; 52 
machine_01;10/01/2016 12:35:14; 47 
machine_02;10/01/2016 12:35:14; 46 
machine_01;10/01/2016 12:35:31; 40 
machine_02;10/01/2016 12:35:31; 24 
machine_01;10/01/2016 12:35:47; 7 
machine_02;10/01/2016 12:35:47; 14 
machine_01;10/01/2016 12:36:03; 21 
machine_02;10/01/2016 12:36:03; 18 
machine_01;10/01/2016 12:36:20; 13 
machine_02;10/01/2016 12:36:20; 39 
machine_01;10/01/2016 12:36:36; 20 
machine_02;10/01/2016 12:36:36; 46 
machine_01;10/01/2016 12:36:52; 20 
machine_02;10/01/2016 12:36:52; 27 
machine_01;10/01/2016 12:37:09; 19 
machine_02;10/01/2016 12:37:09; 18 
machine_01;10/01/2016 12:37:25; 28 
machine_02;10/01/2016 12:37:25; 23 
machine_01;10/01/2016 12:37:41; 31 
machine_02;10/01/2016 12:37:41; 8 
machine_01;10/01/2016 12:37:58; 9 
machine_02;10/01/2016 12:37:58; 49 
machine_01;10/01/2016 12:38:14; 43 
machine_02;10/01/2016 12:38:14; 7 
machine_01;10/01/2016 12:38:31; 27 
machine_02;10/01/2016 12:38:31; 14 
machine_01;10/01/2016 12:38:47; 25 
machine_02;10/01/2016 12:38:47; 17 
machine_01;10/01/2016 12:39:04; 44 
machine_02;10/01/2016 12:39:04; 37 
machine_01;10/01/2016 12:39:20; 5 
machine_02;10/01/2016 12:39:20; 49 
machine_01;10/01/2016 12:39:37; 42 
machine_02;10/01/2016 12:39:37; 12 
machine_01;10/01/2016 12:39:54; 40 
machine_02;10/01/2016 12:39:54; 6 
machine_01;10/01/2016 12:40:10; 9 
machine_02;10/01/2016 12:40:10; 28 
machine_01;10/01/2016 12:40:26; 55 
machine_02;10/01/2016 12:40:26; 17 
machine_01;10/01/2016 12:40:43; 40 
machine_02;10/01/2016 12:40:43; 11 
machine_01;10/01/2016 12:40:59; 7 
machine_02;10/01/2016 12:40:59; 46 
machine_01;10/01/2016 12:41:15; 8 
machine_02;10/01/2016 12:41:15; 13 
machine_01;10/01/2016 12:41:31; 14 
machine_02;10/01/2016 12:41:31; 7 
machine_01;10/01/2016 12:41:48; 7 
machine_02;10/01/2016 12:41:48; 21 
machine_01;10/01/2016 12:42:04; 31 
machine_02;10/01/2016 12:42:04; 45 
machine_01;10/01/2016 12:42:20; 20 
machine_02;10/01/2016 12:42:20; 26 
machine_01;10/01/2016 12:42:37; 14 
machine_02;10/01/2016 12:42:37; 32 
machine_01;10/01/2016 12:42:53; 12 
machine_02;10/01/2016 12:42:53; 54 
machine_01;10/01/2016 12:43:09; 9 
machine_02;10/01/2016 12:43:09; 15 
machine_01;10/01/2016 12:43:26; 25 
machine_02;10/01/2016 12:43:26; 53 
machine_01;10/01/2016 12:43:42; 20 
machine_02;10/01/2016 12:43:42; 12 
machine_01;10/01/2016 12:43:59; 27 
machine_02;10/01/2016 12:43:59; 44 
machine_01;10/01/2016 12:44:15; 38 
machine_02;10/01/2016 12:44:15; 27 
machine_01;10/01/2016 12:44:32; 38 
machine_02;10/01/2016 12:44:32; 45 
machine_01;10/01/2016 12:44:48; 24 
machine_02;10/01/2016 12:44:48; 18 
machine_01;10/01/2016 12:45:05; 8 
machine_02;10/01/2016 12:45:05; 18 
machine_01;10/01/2016 12:45:21; 47 
machine_02;10/01/2016 12:45:21; 19 
machine_01;10/01/2016 12:45:38; 27 
machine_02;10/01/2016 12:45:38; 42 
machine_01;10/01/2016 12:45:54; 16 
machine_02;10/01/2016 12:45:54; 25 
machine_01;10/01/2016 12:46:10; 42 
machine_02;10/01/2016 12:46:10; 12 
machine_01;10/01/2016 12:46:27; 39 
machine_02;10/01/2016 12:46:27; 40 
machine_01;10/01/2016 12:46:43; 25 
machine_02;10/01/2016 12:46:43; 25 
machine_01;10/01/2016 12:46:59; 53 
machine_02;10/01/2016 12:46:59; 11 
machine_01;10/01/2016 12:47:16; 23 
machine_02;10/01/2016 12:47:16; 47 
machine_01;10/01/2016 12:47:32; 39 
machine_02;10/01/2016 12:47:32; 39 
machine_01;10/01/2016 12:47:49; 48 
machine_02;10/01/2016 12:47:49; 9 
machine_01;10/01/2016 12:48:05; 49 
machine_02;10/01/2016 12:48:05; 38 
machine_01;10/01/2016 12:48:22; 25 
machine_02;10/01/2016 12:48:22; 41 
machine_01;10/01/2016 12:48:38; 36 
machine_02;10/01/2016 12:48:38; 38 
machine_01;10/01/2016 12:48:55; 40 
machine_02;10/01/2016 12:48:55; 36 
machine_01;10/01/2016 12:49:12; 52 
machine_02;10/01/2016 12:49:12; 11 
machine_01;10/01/2016 12:49:28; 27 
machine_02;10/01/2016 12:49:28; 25 
machine_01;10/01/2016 12:49:44; 21 
machine_02;10/01/2016 12:49:44; 25 
machine_01;10/01/2016 12:50:01; 25 
machine_02;10/01/2016 12:50:01; 22 
machine_01;10/01/2016 12:50:17; 16 
machine_02;10/01/2016 12:50:17; 21 
machine_01;10/01/2016 12:50:33; 25 
machine_02;10/01/2016 12:50:33; 42 
machine_01;10/01/2016 12:50:49; 54 
machine_02;10/01/2016 12:50:49; 42 
machine_01;10/01/2016 12:51:06; 10 
machine_02;10/01/2016 12:51:06; 45 
machine_01;10/01/2016 12:51:22; 32 
machine_02;10/01/2016 12:51:22; 50 
machine_01;10/01/2016 12:51:39; 50 
machine_02;10/01/2016 12:51:39; 39 
machine_01;10/01/2016 12:51:55; 49 
machine_02;10/01/2016 12:51:55; 47 
machine_01;10/01/2016 12:52:11; 17 
machine_02;10/01/2016 12:52:11; 39 
machine_01;10/01/2016 12:52:27; 22 
machine_02;10/01/2016 12:52:27; 21 
machine_01;10/01/2016 12:52:44; 29 
machine_02;10/01/2016 12:52:44; 24 
machine_01;10/01/2016 12:53:00; 40 
machine_02;10/01/2016 12:53:00; 48 
machine_01;10/01/2016 12:53:16; 34 
machine_02;10/01/2016 12:53:16; 40 
machine_01;10/01/2016 12:53:33; 17 
machine_02;10/01/2016 12:53:33; 31 
machine_01;10/01/2016 12:53:49; 43 
machine_02;10/01/2016 12:53:49; 54 
machine_01;10/01/2016 12:54:06; 9 
machine_02;10/01/2016 12:54:06; 22 
machine_01;10/01/2016 12:54:22; 14 
machine_02;10/01/2016 12:54:22; 46 
machine_01;10/01/2016 12:54:39; 53 
machine_02;10/01/2016 12:54:39; 51 
machine_01;10/01/2016 12:54:56; 19 
machine_02;10/01/2016 12:54:56; 28 
machine_01;10/01/2016 12:55:12; 34 
machine_02;10/01/2016 12:55:12; 19 
machine_01;10/01/2016 12:55:29; 23 
machine_02;10/01/2016 12:55:29; 10 
machine_01;10/01/2016 12:55:45; 14 
machine_02;10/01/2016 12:55:45; 16 
machine_01;10/01/2016 12:56:01; 36 
machine_02;10/01/2016 12:56:01; 29 
machine_01;10/01/2016 12:56:17; 16 
machine_02;10/01/2016 12:56:17; 8 
machine_01;10/01/2016 12:56:34; 22 
machine_02;10/01/2016 12:56:34; 19 
machine_01;10/01/2016 12:56:50; 34 
machine_02;10/01/2016 12:56:50; 10 
machine_01;10/01/2016 12:57:06; 40 
machine_02;10/01/2016 12:57:06; 47 
machine_01;10/01/2016 12:57:23; 46 
machine_02;10/01/2016 12:57:23; 22 
machine_01;10/01/2016 12:57:39; 17 
machine_02;10/01/2016 12:57:39; 10 
machine_01;10/01/2016 12:57:56; 28 
machine_02;10/01/2016 12:57:56; 24 
machine_01;10/01/2016 12:58:12; 25 
machine_02;10/01/2016 12:58:12; 41 
machine_01;10/01/2016 12:58:29; 33 
machine_02;10/01/2016 12:58:29; 33 
machine_01;10/01/2016 12:58:45; 10 
machine_02;10/01/2016 12:58:45; 14 
machine_01;10/01/2016 12:59:02; 14 
machine_02;10/01/2016 12:59:02; 41 
machine_01;10/01/2016 12:59:18; 42 
machine_02;10/01/2016 12:59:18; 25 
machine_01;10/01/2016 12:59:35; 30 
machine_02;10/01/2016 12:59:35; 17 
machine_01;10/01/2016 12:59:52; 17 
machine_02;10/01/2016 12:59:52; 18 
machine_01;10/01/2016 13:00:08; 32 
machine_02;10/01/2016 13:00:08; 18 
machine_01;10/01/2016 13:00:24; 23 
machine_02;10/01/2016 13:00:24; 28 
machine_01;10/01/2016 13:00:41; 49 
machine_02;10/01/2016 13:00:41; 37 
machine_01;10/01/2016 13:00:57; 25 
machine_02;10/01/2016 13:00:57; 22 
machine_01;10/01/2016 13:01:13; 51 
machine_02;10/01/2016 13:01:13; 18 
machine_01;10/01/2016 13:01:29; 22 
machine_02;10/01/2016 13:01:29; 17 
machine_01;10/01/2016 13:01:46; 5 
machine_02;10/01/2016 13:01:46; 38 
machine_01;10/01/2016 13:02:02; 19 
machine_02;10/01/2016 13:02:02; 5 
machine_01;10/01/2016 13:02:19; 27 
machine_02;10/01/2016 13:02:19; 21 
machine_01;10/01/2016 13:02:35; 39 
machine_02;10/01/2016 13:02:35; 44 
machine_01;10/01/2016 13:02:52; 55 
machine_02;10/01/2016 13:02:52; 46 
machine_01;10/01/2016 13:03:08; 23 
machine_02;10/01/2016 13:03:08; 18 
machine_01;10/01/2016 13:03:25; 48 
machine_02;10/01/2016 13:03:25; 7 
machine_01;10/01/2016 13:03:41; 34 
machine_02;10/01/2016 13:03:41; 5 
machine_01;10/01/2016 13:03:58; 50 
machine_02;10/01/2016 13:03:58; 37 
machine_01;10/01/2016 13:04:14; 27 
machine_02;10/01/2016 13:04:14; 36 
machine_01;10/01/2016 13:04:31; 42 
machine_02;10/01/2016 13:04:31; 47 
machine_01;10/01/2016 13:04:47; 28 
machine_02;10/01/2016 13:04:47; 48 
machine_01;10/01/2016 13:05:04; 8 
machine_02;10/01/2016 13:05:04; 50 
machine_01;10/01/2016 13:05:20; 8 
machine_02;10/01/2016 13:05:20; 14 
machine_01;10/01/2016 13:05:37; 54 
machine_02;10/01/2016 13:05:37; 49 
machine_01;10/01/2016 13:05:53; 33 
machine_02;10/01/2016 13:05:53; 44 
machine_01;10/01/2016 13:06:10; 36 
machine_02;10/01/2016 13:06:10; 10 
machine_01;10/01/2016 13:06:26; 39 
machine_02;10/01/2016 13:06:26; 6 
machine_01;10/01/2016 13:06:43; 13 
machine_02;10/01/2016 13:06:43; 15 
machine_01;10/01/2016 13:06:59; 48 
machine_02;10/01/2016 13:06:59; 33 
machine_01;10/01/2016 13:07:16; 47 
machine_02;10/01/2016 13:07:16; 14 
machine_01;10/01/2016 13:07:32; 48 
machine_02;10/01/2016 13:07:32; 36 
machine_01;10/01/2016 13:07:48; 23 
machine_02;10/01/2016 13:07:48; 51 
machine_01;10/01/2016 13:08:05; 54 
machine_02;10/01/2016 13:08:05; 50 
machine_01;10/01/2016 13:08:21; 20 
machine_02;10/01/2016 13:08:21; 37 
machine_01;10/01/2016 13:08:37; 25 
machine_02;10/01/2016 13:08:37; 36 
machine_01;10/01/2016 13:08:53; 38 
machine_02;10/01/2016 13:08:53; 52 
machine_01;10/01/2016 13:09:10; 34 
machine_02;10/01/2016 13:09:10; 39 
machine_01;10/01/2016 13:09:26; 46 
machine_02;10/01/2016 13:09:26; 28 
machine_01;10/01/2016 13:09:43; 33 
machine_02;10/01/2016 13:09:43; 54 
machine_01;10/01/2016 13:09:59; 8 
machine_02;10/01/2016 13:09:59; 14 
machine_01;10/01/2016 13:10:16; 21 
machine_02;10/01/2016 13:10:16; 35 
machine_01;10/01/2016 13:10:32; 29 
machine_02;10/01/2016 13:10:32; 30 
machine_01;10/01/2016 13:10:49; 12 
machine_02;10/01/2016 13:10:49; 9 
machine_01;10/01/2016 13:11:05; 41 
machine_02;10/01/2016 13:11:05; 10 
machine_01;10/01/2016 13:11:22; 8 
machine_02;10/01/2016 13:11:22; 43 
machine_01;10/01/2016 13:11:38; 53 
machine_02;10/01/2016 13:11:38; 53 
machine_01;10/01/2016 13:11:54; 18 
machine_02;10/01/2016 13:11:54; 26 
machine_01;10/01/2016 13:12:10; 52 
machine_02;10/01/2016 13:12:10; 39 
machine_01;10/01/2016 13:12:27; 41 
machine_02;10/01/2016 13:12:27; 30 
machine_01;10/01/2016 13:12:43; 49 
machine_02;10/01/2016 13:12:43; 7 
machine_01;10/01/2016 13:13:00; 6 
machine_02;10/01/2016 13:13:00; 43 
machine_01;10/01/2016 13:13:16; 8 
machine_02;10/01/2016 13:13:16; 17 
machine_01;10/01/2016 13:13:33; 33 
machine_02;10/01/2016 13:13:33; 52 
machine_01;10/01/2016 13:13:49; 21 
machine_02;10/01/2016 13:13:49; 48 
machine_01;10/01/2016 13:14:05; 46 
machine_02;10/01/2016 13:14:05; 26 
machine_01;10/01/2016 13:14:22; 25 
machine_02;10/01/2016 13:14:22; 25 
machine_01;10/01/2016 13:14:38; 48 
machine_02;10/01/2016 13:14:38; 28 
machine_01;10/01/2016 13:14:54; 26 
machine_02;10/01/2016 13:14:54; 34 
machine_01;10/01/2016 13:15:11; 6 
machine_02;10/01/2016 13:15:11; 43 
machine_01;10/01/2016 13:15:27; 53 
machine_02;10/01/2016 13:15:27; 19 
machine_01;10/01/2016 13:15:43; 47 
machine_02;10/01/2016 13:15:43; 11 
machine_01;10/01/2016 13:16:00; 39 
machine_02;10/01/2016 13:16:00; 51 
machine_01;10/01/2016 13:16:16; 15 
machine_02;10/01/2016 13:16:16; 48 
machine_01;10/01/2016 13:16:33; 38 
machine_02;10/01/2016 13:16:33; 10 
machine_01;10/01/2016 13:16:49; 32 
machine_02;10/01/2016 13:16:49; 29 
machine_01;10/01/2016 13:17:06; 19 
machine_02;10/01/2016 13:17:06; 55 
machine_01;10/01/2016 13:17:23; 16 
machine_02;10/01/2016 13:17:23; 50 
machine_01;10/01/2016 13:17:39; 53 
machine_02;10/01/2016 13:17:39; 20 
machine_01;10/01/2016 13:17:56; 39 
machine_02;10/01/2016 13:17:56; 12 
machine_01;10/01/2016 13:18:13; 28 
machine_02;10/01/2016 13:18:13; 22 
machine_01;10/01/2016 13:18:29; 11 
machine_02;10/01/2016 13:18:29; 38 
machine_01;10/01/2016 13:18:45; 37 
machine_02;10/01/2016 13:18:45; 15 
machine_01;10/01/2016 13:19:01; 28 
machine_02;10/01/2016 13:19:01; 10 
machine_01;10/01/2016 13:19:17; 28 
machine_02;10/01/2016 13:19:17; 22 
machine_01;10/01/2016 13:19:33; 8 
machine_02;10/01/2016 13:19:33; 12 
machine_01;10/01/2016 13:19:49; 18 
machine_02;10/01/2016 13:19:49; 6 
machine_01;10/01/2016 13:20:05; 9 
machine_02;10/01/2016 13:20:05; 15 
machine_01;10/01/2016 13:20:21; 22 
machine_02;10/01/2016 13:20:21; 27 
machine_01;10/01/2016 13:20:38; 14 
machine_02;10/01/2016 13:20:38; 17 
machine_01;10/01/2016 13:20:54; 46 
machine_02;10/01/2016 13:20:54; 5 
machine_01;10/01/2016 13:21:10; 38 
machine_02;10/01/2016 13:21:10; 51 
machine_01;10/01/2016 13:21:26; 6 
machine_02;10/01/2016 13:21:26; 32 
machine_01;10/01/2016 13:21:43; 53 
machine_02;10/01/2016 13:21:43; 8 
machine_01;10/01/2016 13:21:59; 46 
machine_02;10/01/2016 13:21:59; 49 
machine_01;10/01/2016 13:22:15; 39 
machine_02;10/01/2016 13:22:15; 15 
machine_01;10/01/2016 13:22:32; 19 
machine_02;10/01/2016 13:22:32; 44 
machine_01;10/01/2016 13:22:48; 44 
machine_02;10/01/2016 13:22:48; 26 
machine_01;10/01/2016 13:23:04; 35 
machine_02;10/01/2016 13:23:04; 28 
machine_01;10/01/2016 13:23:20; 50 
machine_02;10/01/2016 13:23:20; 38 
machine_01;10/01/2016 13:23:36; 19 
machine_02;10/01/2016 13:23:36; 55 
machine_01;10/01/2016 13:23:52; 54 
machine_02;10/01/2016 13:23:52; 54 
machine_01;10/01/2016 13:24:08; 26 
machine_02;10/01/2016 13:24:08; 12 
machine_01;10/01/2016 13:24:24; 45 
machine_02;10/01/2016 13:24:24; 42 
machine_01;10/01/2016 13:24:41; 46 
machine_02;10/01/2016 13:24:41; 52 
machine_01;10/01/2016 13:24:57; 49 
machine_02;10/01/2016 13:24:57; 38 
machine_01;10/01/2016 13:25:13; 30 
machine_02;10/01/2016 13:25:13; 9 
machine_01;10/01/2016 13:25:29; 43 
machine_02;10/01/2016 13:25:29; 32 
machine_01;10/01/2016 13:25:46; 12 
machine_02;10/01/2016 13:25:46; 37 
machine_01;10/01/2016 13:26:02; 49 
machine_02;10/01/2016 13:26:02; 44 
machine_01;10/01/2016 13:26:19; 46 
machine_02;10/01/2016 13:26:19; 18 
machine_01;10/01/2016 13:26:35; 48 
machine_02;10/01/2016 13:26:35; 36 
machine_01;10/01/2016 13:26:52; 24 
machine_02;10/01/2016 13:26:52; 5 
machine_01;10/01/2016 13:27:08; 46 
machine_02;10/01/2016 13:27:08; 7 
machine_01;10/01/2016 13:27:24; 33 
machine_02;10/01/2016 13:27:24; 34 
machine_01;10/01/2016 13:27:41; 44 
machine_02;10/01/2016 13:27:41; 34 
machine_01;10/01/2016 13:27:57; 37 
machine_02;10/01/2016 13:27:57; 45 
machine_01;10/01/2016 13:28:14; 39 
machine_02;10/01/2016 13:28:14; 45 
machine_01;10/01/2016 13:28:30; 28 
machine_02;10/01/2016 13:28:30; 44 
machine_01;10/01/2016 13:28:47; 16 
machine_02;10/01/2016 13:28:47; 24 
machine_01;10/01/2016 13:29:03; 8 
machine_02;10/01/2016 13:29:03; 39 
machine_01;10/01/2016 13:29:20; 13 
machine_02;10/01/2016 13:29:20; 53 
machine_01;10/01/2016 13:29:36; 12 
machine_02;10/01/2016 13:29:36; 9 
machine_01;10/01/2016 13:29:52; 23 
machine_02;10/01/2016 13:29:52; 53 
machine_01;10/01/2016 13:30:08; 27 
machine_02;10/01/2016 13:30:08; 6 
machine_01;10/01/2016 13:30:25; 34 
machine_02;10/01/2016 13:30:25; 32 
machine_01;10/01/2016 13:30:41; 15 
machine_02;10/01/2016 13:30:41; 49 
machine_01;10/01/2016 13:30:58; 36 
machine_02;10/01/2016 13:30:58; 33 
machine_01;10/01/2016 13:31:14; 5 
machine_02;10/01/2016 13:31:14; 26 
machine_01;10/01/2016 13:31:31; 45 
machine_02;10/01/2016 13:31:31; 5 
machine_01;10/01/2016 13:31:47; 51 
machine_02;10/01/2016 13:31:47; 42 
machine_01;10/01/2016 13:32:04; 39 
machine_02;10/01/2016 13:32:04; 11 
machine_01;10/01/2016 13:32:21; 25 
machine_02;10/01/2016 13:32:21; 26 
machine_01;10/01/2016 13:32:37; 49 
machine_02;10/01/2016 13:32:37; 21 
machine_01;10/01/2016 13:32:53; 13 
machine_02;10/01/2016 13:32:53; 11 
machine_01;10/01/2016 13:33:10; 30 
machine_02;10/01/2016 13:33:10; 54 
machine_01;10/01/2016 13:33:26; 15 
machine_02;10/01/2016 13:33:26; 49 
machine_01;10/01/2016 13:33:42; 33 
machine_02;10/01/2016 13:33:42; 36 
machine_01;10/01/2016 13:33:59; 24 
machine_02;10/01/2016 13:33:59; 40 
machine_01;10/01/2016 13:34:15; 43 
machine_02;10/01/2016 13:34:15; 52 
machine_01;10/01/2016 13:34:32; 45 
machine_02;10/01/2016 13:34:32; 46 
machine_01;10/01/2016 13:34:48; 7 
machine_02;10/01/2016 13:34:48; 32 
machine_01;10/01/2016 13:35:05; 43 
machine_02;10/01/2016 13:35:05; 20 
machine_01;10/01/2016 13:35:21; 55 
machine_02;10/01/2016 13:35:21; 53 
machine_01;10/01/2016 13:35:38; 27 
machine_02;10/01/2016 13:35:38; 31 
machine_01;10/01/2016 13:35:54; 31 
machine_02;10/01/2016 13:35:54; 5 
machine_01;10/01/2016 13:36:11; 41 
machine_02;10/01/2016 13:36:11; 30 
machine_01;10/01/2016 13:36:27; 44 
machine_02;10/01/2016 13:36:27; 49 
machine_01;10/01/2016 13:36:44; 33 
machine_02;10/01/2016 13:36:44; 9 
machine_01;10/01/2016 13:37:00; 23 
machine_02;10/01/2016 13:37:00; 46 
machine_01;10/01/2016 13:37:16; 30 
machine_02;10/01/2016 13:37:16; 8 
machine_01;10/01/2016 13:37:33; 46 
machine_02;10/01/2016 13:37:33; 15 
machine_01;10/01/2016 13:37:49; 25 
machine_02;10/01/2016 13:37:49; 9 
machine_01;10/01/2016 13:38:05; 22 
machine_02;10/01/2016 13:38:05; 48 
machine_01;10/01/2016 13:38:22; 28 
machine_02;10/01/2016 13:38:22; 25 
machine_01;10/01/2016 13:38:38; 8 
machine_02;10/01/2016 13:38:38; 15 
machine_01;10/01/2016 13:38:54; 46 
machine_02;10/01/2016 13:38:54; 39 
machine_01;10/01/2016 13:39:11; 37 
machine_02;10/01/2016 13:39:11; 25 
machine_01;10/01/2016 13:39:27; 30 
machine_02;10/01/2016 13:39:27; 38 
machine_01;10/01/2016 13:39:43; 19 
machine_02;10/01/2016 13:39:43; 22 
machine_01;10/01/2016 13:40:00; 29 
machine_02;10/01/2016 13:40:00; 34 
machine_01;10/01/2016 13:40:16; 5 
machine_02;10/01/2016 13:40:16; 53 
machine_01;10/01/2016 13:40:32; 11 
machine_02;10/01/2016 13:40:32; 17 
machine_01;10/01/2016 13:40:49; 28 
machine_02;10/01/2016 13:40:49; 8 
machine_01;10/01/2016 13:41:05; 7 
machine_02;10/01/2016 13:41:05; 34 
machine_01;10/01/2016 13:41:22; 18 
machine_02;10/01/2016 13:41:22; 19 
machine_01;10/01/2016 13:41:38; 20 
machine_02;10/01/2016 13:41:38; 42 
machine_01;10/01/2016 13:41:55; 47 
machine_02;10/01/2016 13:41:55; 41 
machine_01;10/01/2016 13:42:12; 12 
machine_02;10/01/2016 13:42:12; 22 
machine_01;10/01/2016 13:42:28; 48 
machine_02;10/01/2016 13:42:28; 25 
machine_01;10/01/2016 13:42:45; 40 
machine_02;10/01/2016 13:42:45; 35 
machine_01;10/01/2016 13:43:01; 26 
machine_02;10/01/2016 13:43:01; 20 
machine_01;10/01/2016 13:43:17; 17 
machine_02;10/01/2016 13:43:17; 8 
machine_01;10/01/2016 13:43:33; 8 
machine_02;10/01/2016 13:43:33; 12 
machine_01;10/01/2016 13:43:50; 20 
machine_02;10/01/2016 13:43:50; 41 
machine_01;10/01/2016 13:44:06; 16 
machine_02;10/01/2016 13:44:06; 40 
machine_01;10/01/2016 13:44:23; 14 
machine_02;10/01/2016 13:44:23; 38 
machine_01;10/01/2016 13:44:39; 40 
machine_02;10/01/2016 13:44:39; 20 
machine_01;10/01/2016 13:44:55; 8 
machine_02;10/01/2016 13:44:55; 24 
machine_01;10/01/2016 13:45:12; 46 
machine_02;10/01/2016 13:45:12; 19 
machine_01;10/01/2016 13:45:28; 30 
machine_02;10/01/2016 13:45:28; 5 
machine_01;10/01/2016 13:45:44; 35 
machine_02;10/01/2016 13:45:44; 27 
machine_01;10/01/2016 13:46:01; 48 
machine_02;10/01/2016 13:46:01; 42 
machine_01;10/01/2016 13:46:17; 24 
machine_02;10/01/2016 13:46:17; 40 
machine_01;10/01/2016 13:46:34; 39 
machine_02;10/01/2016 13:46:34; 53 
machine_01;10/01/2016 13:46:50; 22 
machine_02;10/01/2016 13:46:50; 29 
machine_01;10/01/2016 13:47:06; 9 
machine_02;10/01/2016 13:47:06; 54 
machine_01;10/01/2016 13:47:23; 9 
machine_02;10/01/2016 13:47:23; 50 
machine_01;10/01/2016 13:47:39; 9 
machine_02;10/01/2016 13:47:39; 27 
machine_01;10/01/2016 13:47:56; 54 
machine_02;10/01/2016 13:47:56; 12 
machine_01;10/01/2016 13:48:12; 37 
machine_02;10/01/2016 13:48:12; 33 
machine_01;10/01/2016 13:48:29; 42 
machine_02;10/01/2016 13:48:29; 29 
machine_01;10/01/2016 13:48:45; 31 
machine_02;10/01/2016 13:48:45; 24 
machine_01;10/01/2016 13:49:02; 43 
machine_02;10/01/2016 13:49:02; 46 
machine_01;10/01/2016 13:49:19; 30 
machine_02;10/01/2016 13:49:19; 24 
machine_01;10/01/2016 13:49:35; 24 
machine_02;10/01/2016 13:49:35; 55 
machine_01;10/01/2016 13:49:52; 18 
machine_02;10/01/2016 13:49:52; 6 
machine_01;10/01/2016 13:50:08; 35 
machine_02;10/01/2016 13:50:08; 43 
machine_01;10/01/2016 13:50:25; 6 
machine_02;10/01/2016 13:50:25; 32 
machine_01;10/01/2016 13:50:41; 31 
machine_02;10/01/2016 13:50:41; 12 
machine_01;10/01/2016 13:50:58; 36 
machine_02;10/01/2016 13:50:58; 9 
machine_01;10/01/2016 13:51:15; 55 
machine_02;10/01/2016 13:51:15; 22 
machine_01;10/01/2016 13:51:31; 50 
machine_02;10/01/2016 13:51:31; 13 
machine_01;10/01/2016 13:51:48; 23 
machine_02;10/01/2016 13:51:48; 31 
machine_01;10/01/2016 13:52:04; 50 
machine_02;10/01/2016 13:52:04; 43 
machine_01;10/01/2016 13:52:20; 48 
machine_02;10/01/2016 13:52:20; 31 
machine_01;10/01/2016 13:52:37; 53 
machine_02;10/01/2016 13:52:37; 7 
machine_01;10/01/2016 13:52:53; 39 
machine_02;10/01/2016 13:52:53; 55 
machine_01;10/01/2016 13:53:09; 19 
machine_02;10/01/2016 13:53:09; 27 
machine_01;10/01/2016 13:53:26; 24 
machine_02;10/01/2016 13:53:26; 55 
machine_01;10/01/2016 13:53:42; 52 
machine_02;10/01/2016 13:53:42; 9 
machine_01;10/01/2016 13:53:58; 10 
machine_02;10/01/2016 13:53:58; 44 
machine_01;10/01/2016 13:54:15; 6 
machine_02;10/01/2016 13:54:15; 20 
machine_01;10/01/2016 13:54:31; 52 
machine_02;10/01/2016 13:54:31; 30 
machine_01;10/01/2016 13:54:48; 55 
machine_02;10/01/2016 13:54:48; 25 
machine_01;10/01/2016 13:55:04; 7 
machine_02;10/01/2016 13:55:04; 32 
machine_01;10/01/2016 13:55:20; 15 
machine_02;10/01/2016 13:55:20; 43 
machine_01;10/01/2016 13:55:37; 20 
machine_02;10/01/2016 13:55:37; 37 
machine_01;10/01/2016 13:55:53; 26 
machine_02;10/01/2016 13:55:53; 18 
machine_01;10/01/2016 13:56:10; 50 
machine_02;10/01/2016 13:56:10; 31 
machine_01;10/01/2016 13:56:27; 26 
machine_02;10/01/2016 13:56:27; 42 
machine_01;10/01/2016 13:56:43; 41 
machine_02;10/01/2016 13:56:43; 35 
machine_01;10/01/2016 13:57:00; 13 
machine_02;10/01/2016 13:57:00; 54 
machine_01;10/01/2016 13:57:16; 46 
machine_02;10/01/2016 13:57:16; 7 
machine_01;10/01/2016 13:57:33; 23 
machine_02;10/01/2016 13:57:33; 15 
machine_01;10/01/2016 13:57:49; 5 
machine_02;10/01/2016 13:57:49; 35 
machine_01;10/01/2016 13:58:06; 5 
machine_02;10/01/2016 13:58:06; 39 
machine_01;10/01/2016 13:58:22; 35 
machine_02;10/01/2016 13:58:22; 42 
machine_01;10/01/2016 13:58:38; 49 
machine_02;10/01/2016 13:58:38; 50 
machine_01;10/01/2016 13:58:55; 43 
machine_02;10/01/2016 13:58:55; 31 
machine_01;10/01/2016 13:59:12; 22 
machine_02;10/01/2016 13:59:12; 23 
machine_01;10/01/2016 13:59:28; 55 
machine_02;10/01/2016 13:59:28; 31 
machine_01;10/01/2016 13:59:44; 55 
machine_02;10/01/2016 13:59:44; 28 
machine_01;10/01/2016 14:00:00; 36 
machine_02;10/01/2016 14:00:00; 22 
machine_01;10/01/2016 14:00:17; 23 
machine_02;10/01/2016 14:00:17; 43 
machine_01;10/01/2016 14:00:33; 17 
machine_02;10/01/2016 14:00:33; 24 
machine_01;10/01/2016 14:00:49; 37 
machine_02;10/01/2016 14:00:49; 13 
machine_01;10/01/2016 14:01:06; 18 
machine_02;10/01/2016 14:01:06; 20 
machine_01;10/01/2016 14:01:22; 31 
machine_02;10/01/2016 14:01:22; 55 
machine_01;10/01/2016 14:01:38; 45 
machine_02;10/01/2016 14:01:38; 18 
machine_01;10/01/2016 14:01:55; 18 
machine_02;10/01/2016 14:01:55; 39 
machine_01;10/01/2016 14:02:11; 41 
machine_02;10/01/2016 14:02:11; 22 
machine_01;10/01/2016 14:02:27; 26 
machine_02;10/01/2016 14:02:27; 48 
machine_01;10/01/2016 14:02:43; 25 
machine_02;10/01/2016 14:02:43; 47 
machine_01;10/01/2016 14:02:59; 34 
machine_02;10/01/2016 14:02:59; 13 
machine_01;10/01/2016 14:03:16; 50 
machine_02;10/01/2016 14:03:16; 31 
machine_01;10/01/2016 14:03:32; 31 
machine_02;10/01/2016 14:03:32; 48 
machine_01;10/01/2016 14:03:48; 6 
machine_02;10/01/2016 14:03:48; 44 
machine_01;10/01/2016 14:04:04; 51 
machine_02;10/01/2016 14:04:04; 5 
machine_01;10/01/2016 14:04:20; 41 
machine_02;10/01/2016 14:04:20; 17 
machine_01;10/01/2016 14:04:37; 55 
machine_02;10/01/2016 14:04:37; 8 
machine_01;10/01/2016 14:04:53; 41 
machine_02;10/01/2016 14:04:53; 8 
machine_01;10/01/2016 14:05:09; 9 
machine_02;10/01/2016 14:05:09; 8 
machine_01;10/01/2016 14:05:26; 42 
machine_02;10/01/2016 14:05:26; 24 
machine_01;10/01/2016 14:05:42; 19 
machine_02;10/01/2016 14:05:42; 31 
machine_01;10/01/2016 14:05:58; 38 
machine_02;10/01/2016 14:05:58; 51 
machine_01;10/01/2016 14:06:15; 50 
machine_02;10/01/2016 14:06:15; 30 
machine_01;10/01/2016 14:06:31; 53 
machine_02;10/01/2016 14:06:31; 32 
machine_01;10/01/2016 14:06:47; 54 
machine_02;10/01/2016 14:06:47; 14 
machine_01;10/01/2016 14:07:03; 50 
machine_02;10/01/2016 14:07:03; 18 
machine_01;10/01/2016 14:07:19; 55 
machine_02;10/01/2016 14:07:19; 49 
machine_01;10/01/2016 14:07:35; 39 
machine_02;10/01/2016 14:07:35; 25 
machine_01;10/01/2016 14:07:52; 5 
machine_02;10/01/2016 14:07:52; 21 
machine_01;10/01/2016 14:08:08; 30 
machine_02;10/01/2016 14:08:08; 10 
machine_01;10/01/2016 14:08:24; 15 
machine_02;10/01/2016 14:08:24; 5 
machine_01;10/01/2016 14:08:41; 46 
machine_02;10/01/2016 14:08:41; 50 
machine_01;10/01/2016 14:08:57; 31 
machine_02;10/01/2016 14:08:57; 16 
machine_01;10/01/2016 14:09:14; 52 
machine_02;10/01/2016 14:09:14; 14 
machine_01;10/01/2016 14:09:30; 24 
machine_02;10/01/2016 14:09:30; 7 
machine_01;10/01/2016 14:09:47; 5 
machine_02;10/01/2016 14:09:47; 32 
machine_01;10/01/2016 14:10:03; 46 
machine_02;10/01/2016 14:10:03; 35 
machine_01;10/01/2016 14:10:20; 40 
machine_02;10/01/2016 14:10:20; 21 
machine_01;10/01/2016 14:10:36; 32 
machine_02;10/01/2016 14:10:36; 45 
machine_01;10/01/2016 14:10:52; 29 
machine_02;10/01/2016 14:10:52; 16 
machine_01;10/01/2016 14:11:09; 20 
machine_02;10/01/2016 14:11:09; 45 
machine_01;10/01/2016 14:11:25; 55 
machine_02;10/01/2016 14:11:25; 31 
machine_01;10/01/2016 14:11:41; 7 
machine_02;10/01/2016 14:11:41; 6 
machine_01;10/01/2016 14:11:57; 41 
machine_02;10/01/2016 14:11:57; 31 
machine_01;10/01/2016 14:12:13; 26 
machine_02;10/01/2016 14:12:13; 55 
machine_01;10/01/2016 14:12:30; 30 
machine_02;10/01/2016 14:12:30; 43 
machine_01;10/01/2016 14:12:46; 42 
machine_02;10/01/2016 14:12:46; 5 
machine_01;10/01/2016 14:13:02; 49 
machine_02;10/01/2016 14:13:02; 15 
machine_01;10/01/2016 14:13:19; 14 
machine_02;10/01/2016 14:13:19; 37 
machine_01;10/01/2016 14:13:35; 21 
machine_02;10/01/2016 14:13:35; 40 
machine_01;10/01/2016 14:13:51; 34 
machine_02;10/01/2016 14:13:51; 35 
machine_01;10/01/2016 14:14:08; 45 
machine_02;10/01/2016 14:14:08; 47 
machine_01;10/01/2016 14:14:24; 51 
machine_02;10/01/2016 14:14:24; 15 
machine_01;10/01/2016 14:14:40; 28 
machine_02;10/01/2016 14:14:40; 5 
machine_01;10/01/2016 14:14:56; 50 
machine_02;10/01/2016 14:14:56; 23 
machine_01;10/01/2016 14:15:13; 5 
machine_02;10/01/2016 14:15:13; 13 
machine_01;10/01/2016 14:15:29; 41 
machine_02;10/01/2016 14:15:29; 40 
machine_01;10/01/2016 14:15:45; 29 
machine_02;10/01/2016 14:15:45; 30 
machine_01;10/01/2016 14:16:01; 54 
machine_02;10/01/2016 14:16:01; 45 
machine_01;10/01/2016 14:16:18; 53 
machine_02;10/01/2016 14:16:18; 21 
machine_01;10/01/2016 14:16:34; 50 
machine_02;10/01/2016 14:16:34; 31 
machine_01;10/01/2016 14:16:51; 6 
machine_02;10/01/2016 14:16:51; 48 
machine_01;10/01/2016 14:17:08; 13 
machine_02;10/01/2016 14:17:08; 48 
machine_01;10/01/2016 14:17:24; 5 
machine_02;10/01/2016 14:17:24; 45 
machine_01;10/01/2016 14:17:40; 6 
machine_02;10/01/2016 14:17:40; 13 
machine_01;10/01/2016 14:17:57; 23 
machine_02;10/01/2016 14:17:57; 11 
machine_01;10/01/2016 14:18:13; 45 
machine_02;10/01/2016 14:18:13; 18 
machine_01;10/01/2016 14:18:29; 5 
machine_02;10/01/2016 14:18:29; 50 
machine_01;10/01/2016 14:18:46; 45 
machine_02;10/01/2016 14:18:46; 44 
machine_01;10/01/2016 14:19:02; 28 
machine_02;10/01/2016 14:19:02; 26 
machine_01;10/01/2016 14:19:19; 48 
machine_02;10/01/2016 14:19:19; 51 
machine_01;10/01/2016 14:19:35; 8 
machine_02;10/01/2016 14:19:35; 45 
machine_01;10/01/2016 14:19:51; 33 
machine_02;10/01/2016 14:19:51; 52 
machine_01;10/01/2016 14:20:07; 18 
machine_02;10/01/2016 14:20:07; 13 
machine_01;10/01/2016 14:20:24; 13 
machine_02;10/01/2016 14:20:24; 28 
machine_01;10/01/2016 14:20:40; 51 
machine_02;10/01/2016 14:20:40; 26 
machine_01;10/01/2016 14:20:56; 55 
machine_02;10/01/2016 14:20:56; 9 
machine_01;10/01/2016 14:21:12; 49 
machine_02;10/01/2016 14:21:12; 32 
machine_01;10/01/2016 14:21:29; 23 
machine_02;10/01/2016 14:21:29; 26 
machine_01;10/01/2016 14:21:45; 25 
machine_02;10/01/2016 14:21:45; 34 
machine_01;10/01/2016 14:22:01; 26 
machine_02;10/01/2016 14:22:01; 5 
machine_01;10/01/2016 14:22:17; 28 
machine_02;10/01/2016 14:22:17; 25 
machine_01;10/01/2016 14:22:33; 21 
machine_02;10/01/2016 14:22:33; 20 
machine_01;10/01/2016 14:22:49; 23 
machine_02;10/01/2016 14:22:49; 31 
machine_01;10/01/2016 14:23:05; 5 
machine_02;10/01/2016 14:23:05; 19 
machine_01;10/01/2016 14:23:22; 35 
machine_02;10/01/2016 14:23:22; 10 
machine_01;10/01/2016 14:23:38; 43 
machine_02;10/01/2016 14:23:38; 11 
machine_01;10/01/2016 14:23:54; 25 
machine_02;10/01/2016 14:23:54; 48 
machine_01;10/01/2016 14:24:10; 34 
machine_02;10/01/2016 14:24:10; 46 
machine_01;10/01/2016 14:24:26; 7 
machine_02;10/01/2016 14:24:26; 55 
machine_01;10/01/2016 14:24:42; 27 
machine_02;10/01/2016 14:24:42; 8 
machine_01;10/01/2016 14:24:59; 43 
machine_02;10/01/2016 14:24:59; 23 
machine_01;10/01/2016 14:25:15; 40 
machine_02;10/01/2016 14:25:15; 30 
machine_01;10/01/2016 14:25:31; 27 
machine_02;10/01/2016 14:25:31; 17 
machine_01;10/01/2016 14:25:47; 15 
machine_02;10/01/2016 14:25:47; 55 
machine_01;10/01/2016 14:26:03; 26 
machine_02;10/01/2016 14:26:03; 36 
machine_01;10/01/2016 14:26:19; 41 
machine_02;10/01/2016 14:26:19; 8 
machine_01;10/01/2016 14:26:36; 13 
machine_02;10/01/2016 14:26:36; 20 
machine_01;10/01/2016 14:26:52; 11 
machine_02;10/01/2016 14:26:52; 30 
machine_01;10/01/2016 14:27:09; 9 
machine_02;10/01/2016 14:27:09; 9 
machine_01;10/01/2016 14:27:25; 13 
machine_02;10/01/2016 14:27:25; 35 
machine_01;10/01/2016 14:27:41; 22 
machine_02;10/01/2016 14:27:41; 9 
machine_01;10/01/2016 14:27:58; 44 
machine_02;10/01/2016 14:27:58; 34 
machine_01;10/01/2016 14:28:14; 29 
machine_02;10/01/2016 14:28:14; 55 
machine_01;10/01/2016 14:28:30; 49 
machine_02;10/01/2016 14:28:30; 55 
machine_01;10/01/2016 14:28:46; 54 
machine_02;10/01/2016 14:28:46; 16 
machine_01;10/01/2016 14:29:02; 16 
machine_02;10/01/2016 14:29:02; 51 
machine_01;10/01/2016 14:29:18; 12 
machine_02;10/01/2016 14:29:18; 24 
machine_01;10/01/2016 14:29:35; 51 
machine_02;10/01/2016 14:29:35; 19 
machine_01;10/01/2016 14:29:51; 53 
machine_02;10/01/2016 14:29:51; 52 
machine_01;10/01/2016 14:30:08; 25 
machine_02;10/01/2016 14:30:08; 29 
machine_01;10/01/2016 14:30:24; 31 
machine_02;10/01/2016 14:30:24; 54 
machine_01;10/01/2016 14:30:41; 7 
machine_02;10/01/2016 14:30:41; 23 
machine_01;10/01/2016 14:30:57; 44 
machine_02;10/01/2016 14:30:57; 28 
machine_01;10/01/2016 14:31:14; 34 
machine_02;10/01/2016 14:31:14; 16 
machine_01;10/01/2016 14:31:30; 5 
machine_02;10/01/2016 14:31:30; 49 
machine_01;10/01/2016 14:31:47; 40 
machine_02;10/01/2016 14:31:47; 16 
machine_01;10/01/2016 14:32:03; 45 
machine_02;10/01/2016 14:32:03; 12 
machine_01;10/01/2016 14:32:20; 26 
machine_02;10/01/2016 14:32:20; 51 
machine_01;10/01/2016 14:32:37; 49 
machine_02;10/01/2016 14:32:37; 51 
machine_01;10/01/2016 14:32:53; 42 
machine_02;10/01/2016 14:32:53; 11 
machine_01;10/01/2016 14:33:09; 52 
machine_02;10/01/2016 14:33:09; 43 
machine_01;10/01/2016 14:33:26; 37 
machine_02;10/01/2016 14:33:26; 13 
machine_01;10/01/2016 14:33:42; 29 
machine_02;10/01/2016 14:33:42; 55 
machine_01;10/01/2016 14:33:58; 20 
machine_02;10/01/2016 14:33:58; 29 
machine_01;10/01/2016 14:34:15; 34 
machine_02;10/01/2016 14:34:15; 8 
machine_01;10/01/2016 14:34:31; 52 
machine_02;10/01/2016 14:34:31; 32 
machine_01;10/01/2016 14:34:48; 43 
machine_02;10/01/2016 14:34:48; 32 
machine_01;10/01/2016 14:35:04; 22 
machine_02;10/01/2016 14:35:04; 28 
machine_01;10/01/2016 14:35:21; 44 
machine_02;10/01/2016 14:35:21; 25 
machine_01;10/01/2016 14:35:37; 22 
machine_02;10/01/2016 14:35:37; 55 
machine_01;10/01/2016 14:35:54; 41 
machine_02;10/01/2016 14:35:54; 53 
machine_01;10/01/2016 14:36:10; 35 
machine_02;10/01/2016 14:36:10; 27 
machine_01;10/01/2016 14:36:27; 27 
machine_02;10/01/2016 14:36:27; 21 
machine_01;10/01/2016 14:36:43; 15 
machine_02;10/01/2016 14:36:43; 43 
machine_01;10/01/2016 14:37:00; 38 
machine_02;10/01/2016 14:37:00; 44 
machine_01;10/01/2016 14:37:17; 38 
machine_02;10/01/2016 14:37:17; 29 
machine_01;10/01/2016 14:37:33; 8 
machine_02;10/01/2016 14:37:33; 38 
machine_01;10/01/2016 14:37:49; 39 
machine_02;10/01/2016 14:37:49; 23 
machine_01;10/01/2016 14:38:05; 44 
machine_02;10/01/2016 14:38:05; 6 
machine_01;10/01/2016 14:38:22; 13 
machine_02;10/01/2016 14:38:22; 43 
machine_01;10/01/2016 14:38:38; 40 
machine_02;10/01/2016 14:38:38; 43 
machine_01;10/01/2016 14:38:54; 18 
machine_02;10/01/2016 14:38:54; 26 
machine_01;10/01/2016 14:39:11; 16 
machine_02;10/01/2016 14:39:11; 28 
machine_01;10/01/2016 14:39:27; 44 
machine_02;10/01/2016 14:39:27; 21 
machine_01;10/01/2016 14:39:44; 52 
machine_02;10/01/2016 14:39:44; 19 
machine_01;10/01/2016 14:40:00; 19 
machine_02;10/01/2016 14:40:00; 23 
machine_01;10/01/2016 14:40:17; 34 
machine_02;10/01/2016 14:40:17; 31 
machine_01;10/01/2016 14:40:33; 12 
machine_02;10/01/2016 14:40:33; 29 
machine_01;10/01/2016 14:40:50; 44 
machine_02;10/01/2016 14:40:50; 25 
machine_01;10/01/2016 14:41:06; 53 
machine_02;10/01/2016 14:41:06; 53 
machine_01;10/01/2016 14:41:23; 52 
machine_02;10/01/2016 14:41:23; 47 
machine_01;10/01/2016 14:41:39; 54 
machine_02;10/01/2016 14:41:39; 18 
machine_01;10/01/2016 14:41:56; 39 
machine_02;10/01/2016 14:41:56; 50 
machine_01;10/01/2016 14:42:12; 34 
machine_02;10/01/2016 14:42:12; 38 
machine_01;10/01/2016 14:42:29; 51 
machine_02;10/01/2016 14:42:29; 10 
machine_01;10/01/2016 14:42:45; 15 
machine_02;10/01/2016 14:42:45; 8 
machine_01;10/01/2016 14:43:01; 42 
machine_02;10/01/2016 14:43:01; 50 
machine_01;10/01/2016 14:43:18; 46 
machine_02;10/01/2016 14:43:18; 54 
machine_01;10/01/2016 14:43:34; 26 
machine_02;10/01/2016 14:43:34; 47 
machine_01;10/01/2016 14:43:50; 42 
machine_02;10/01/2016 14:43:50; 30 
machine_01;10/01/2016 14:44:07; 31 
machine_02;10/01/2016 14:44:07; 27 
machine_01;10/01/2016 14:44:23; 55 
machine_02;10/01/2016 14:44:23; 20 
machine_01;10/01/2016 14:44:40; 43 
machine_02;10/01/2016 14:44:40; 24 
machine_01;10/01/2016 14:44:56; 19 
machine_02;10/01/2016 14:44:56; 10 
machine_01;10/01/2016 14:45:13; 34 
machine_02;10/01/2016 14:45:13; 48 
machine_01;10/01/2016 14:45:29; 25 
machine_02;10/01/2016 14:45:29; 54 
machine_01;10/01/2016 14:45:45; 40 
machine_02;10/01/2016 14:45:45; 14 
machine_01;10/01/2016 14:46:01; 20 
machine_02;10/01/2016 14:46:01; 29 
machine_01;10/01/2016 14:46:18; 21 
machine_02;10/01/2016 14:46:18; 22 
machine_01;10/01/2016 14:46:34; 14 
machine_02;10/01/2016 14:46:34; 28 
machine_01;10/01/2016 14:46:51; 24 
machine_02;10/01/2016 14:46:51; 37 
machine_01;10/01/2016 14:47:07; 54 
machine_02;10/01/2016 14:47:07; 52 
machine_01;10/01/2016 14:47:24; 6 
machine_02;10/01/2016 14:47:24; 17 
machine_01;10/01/2016 14:47:40; 17 
machine_02;10/01/2016 14:47:40; 26 
machine_01;10/01/2016 14:47:57; 41 
machine_02;10/01/2016 14:47:57; 20 
machine_01;10/01/2016 14:48:13; 43 
machine_02;10/01/2016 14:48:13; 37 
machine_01;10/01/2016 14:48:29; 33 
machine_02;10/01/2016 14:48:29; 45 
machine_01;10/01/2016 14:48:46; 46 
machine_02;10/01/2016 14:48:46; 28 
machine_01;10/01/2016 14:49:02; 29 
machine_02;10/01/2016 14:49:02; 26 
machine_01;10/01/2016 14:49:18; 10 
machine_02;10/01/2016 14:49:18; 10 
machine_01;10/01/2016 14:49:35; 52 
machine_02;10/01/2016 14:49:35; 30 
machine_01;10/01/2016 14:49:51; 27 
machine_02;10/01/2016 14:49:51; 24 
machine_01;10/01/2016 14:50:08; 8 
machine_02;10/01/2016 14:50:08; 38 
machine_01;10/01/2016 14:50:25; 30 
machine_02;10/01/2016 14:50:25; 30 
machine_01;10/01/2016 14:50:41; 8 
machine_02;10/01/2016 14:50:41; 6 
machine_01;10/01/2016 14:50:58; 32 
machine_02;10/01/2016 14:50:58; 6 
machine_01;10/01/2016 14:51:14; 50 
machine_02;10/01/2016 14:51:14; 29 
machine_01;10/01/2016 14:51:30; 15 
machine_02;10/01/2016 14:51:30; 44 
machine_01;10/01/2016 14:51:47; 52 
machine_02;10/01/2016 14:51:47; 55 
machine_01;10/01/2016 14:52:03; 17 
machine_02;10/01/2016 14:52:03; 44 
machine_01;10/01/2016 14:52:19; 42 
machine_02;10/01/2016 14:52:19; 10 
machine_01;10/01/2016 14:52:36; 6 
machine_02;10/01/2016 14:52:36; 52 
machine_01;10/01/2016 14:52:52; 21 
machine_02;10/01/2016 14:52:52; 53 
machine_01;10/01/2016 14:53:09; 14 
machine_02;10/01/2016 14:53:09; 36 
machine_01;10/01/2016 14:53:25; 28 
machine_02;10/01/2016 14:53:25; 33 
machine_01;10/01/2016 14:53:42; 8 
machine_02;10/01/2016 14:53:42; 9 
machine_01;10/01/2016 14:53:58; 10 
machine_02;10/01/2016 14:53:58; 38 
machine_01;10/01/2016 14:54:15; 49 
machine_02;10/01/2016 14:54:15; 45 
machine_01;10/01/2016 14:54:32; 40 
machine_02;10/01/2016 14:54:32; 39 
machine_01;10/01/2016 14:54:48; 30 
machine_02;10/01/2016 14:54:48; 27 
machine_01;10/01/2016 14:55:05; 8 
machine_02;10/01/2016 14:55:05; 16 
machine_01;10/01/2016 14:55:21; 10 
machine_02;10/01/2016 14:55:21; 53 
machine_01;10/01/2016 14:55:37; 10 
machine_02;10/01/2016 14:55:37; 40 
machine_01;10/01/2016 19:31:07; 40 
machine_02;10/01/2016 19:31:07; 30 
machine_01;10/01/2016 19:31:24; 23 
machine_02;10/01/2016 19:31:24; 38 
machine_01;10/01/2016 19:31:41; 40 
machine_02;10/01/2016 19:31:41; 20 
machine_01;10/01/2016 19:31:57; 20 
machine_02;10/01/2016 19:31:57; 11 
machine_01;10/01/2016 19:32:14; 20 
machine_02;10/01/2016 19:32:14; 32 
machine_01;10/01/2016 19:32:30; 32 
machine_02;10/01/2016 19:32:30; 54 
machine_01;10/01/2016 19:32:47; 44 
machine_02;10/01/2016 19:32:47; 9 
machine_01;10/01/2016 19:33:03; 5 
machine_02;10/01/2016 19:33:03; 20 
machine_01;10/01/2016 19:33:19; 34 
machine_02;10/01/2016 19:33:19; 5 
machine_01;10/01/2016 19:33:36; 19 
machine_02;10/01/2016 19:33:36; 54 
machine_01;10/01/2016 19:33:52; 11 
machine_02;10/01/2016 19:33:52; 50 
machine_01;10/01/2016 19:34:08; 22 
machine_02;10/01/2016 19:34:08; 23 
machine_01;10/01/2016 19:34:25; 46 
machine_02;10/01/2016 19:34:25; 45 
machine_01;10/01/2016 19:34:41; 8 
machine_02;10/01/2016 19:34:41; 51 
machine_01;10/01/2016 19:34:57; 9 
machine_02;10/01/2016 19:34:57; 52 
machine_01;10/01/2016 19:35:14; 49 
machine_02;10/01/2016 19:35:14; 43 
machine_01;10/01/2016 19:35:30; 32 
machine_02;10/01/2016 19:35:30; 28 
machine_01;10/01/2016 19:35:47; 25 